634,E a√≠ @Flamengo acabou o amor? Que tristeza!	R	RUIM
13578,p√¥ tia faz um carinho a√≠ https://t.co/P7EP4fmwMd	B	BOM
"103,""mano hoje a prega√ß√£o foi em cima de Isa√≠as 53, se loco mano, to segurando o choro at√© agora pai"""	B	BOM
12142,Dany ou Midori https://t.co/OrYwJvN8f6	N	NEUTRO
8433,Eu adoro o Sor Davos #GOTs7	B	BOM
"7754,""Qual perfume voce usa? Morpheus club üíÅüèΩ‚Äç‚ôÇ"	N	NEUTRO
"Destilado de maconha com um leve toque de cigarro banhado a suor"""	R	RUIM
18860,@dinahjane97 BABYGIRL	N	NEUTRO
7330,S√≥ o imposs√≠vel me interessa...	B	BOM
14489,Que noite	N	NEUTRO
15352,Eu queria ta b√™bado agora	B	BOM
"11887,""Muito ruim n√£o poder ver a TL, gente. Depois vou fazer um filtro de pessoas q n√£o narram o ep e criar uma lista"""	R	RUIM
"7623,""KKKKKKKK EU CONCORDO"	B	BOM
"@mochiyoongie https://t.co/TVPaVwPmBp"""	N	NEUTRO
"19972,""2015 era tudo two, sem gente falsa nem merda nenhuma na minha vida"""	B	BOM
23176,Sla onde eu tava com a cabe√ßa	R	RUIM
"22598,""S√°bado tenho manuten√ß√£o do aparelho para fazer, vou logo colocar as cores preto e vermelho ‚ö´üî¥"""	N	NEUTRO
2839,Boa noitinha ‚ù§Ô∏è	B	BOM
1807,you should be stronger than me √© a melhor msc da Amy	B	BOM
6774,Ainda com isso daenerys ü§¶‚Äç‚ôÄÔ∏è	R	RUIM
10124,J√° falei pra ela q ta nada bomüé§	R	RUIM
16287,Meu cabelo t√° crescendo t√£o r√°pido üòç	B	BOM
17372,Quando estou no pique pra conversar a Carol vai dormir cedo üòí	R	RUIM
"17950,""eu n sei se deixo ir,ou se insisto pra que fique"""	R	RUIM
"14688,""Eu espero que Deus me permita te amar pelo resto da minha vida, voc√™ me encontrou no momento que eu tava perdido, e‚Ä¶ https://t.co/5KK0xFAMR2"""	B	BOM
"20672,""Qdo eu saio sempre acontece algo na volta, eu voltei com meu z√≠per da jaqueta estourado e n√£o tenho ideia de como estourou ü§î"""	R	RUIM
"4556,""@Lusa_Oficial @Karloslusa Onde compro uma camisa deles,"""	N	NEUTRO
9754,YAAAAAAAS WERRRRKKKKK	N	NEUTRO
13781,üò¢üò¢üò¢üò¢	N	NEUTRO
1499,tava afim de comer um japa hj	B	BOM
16848,GENTE ADOREI KKSKSKS https://t.co/gcXLKVOqbp	B	BOM
"20903,""Me diz, quem n√£o gosta de uma boa conversa?"""	B	BOM
2717,to sentindo q vou me foder	R	RUIM
7575,Arya ‚ù§ #GameOfThrones	N	NEUTRO
2310,Como √© bom conversa com pessoas que te faz bem	B	BOM
18309,Curiosidade: uma barra de sab√£o no microondas https://t.co/6qkHM7zzoS	N	NEUTRO
"14470,""bobo j√° sabendo q n vai dar certo, mas √© bem pior n ter vc por perto"""	N	NEUTRO
7596,Nao https://t.co/AnrclheP4V	N	NEUTRO
"22991,""@paquimeria Meu top 10:"	N	NEUTRO
The Sopranos	N	NEUTRO
Sons of Anarchy	N	NEUTRO
The Wire	N	NEUTRO
Six Feet Under	N	NEUTRO
The Leftovers	N	NEUTRO
Breaking Bad	N	NEUTRO
Justified	N	NEUTRO
Mad Men	N	NEUTRO
Banshee	N	NEUTRO
"Rectify"""	N	NEUTRO
2899,oh don't let me see you crying	R	RUIM
17817,√â p√©ssimo https://t.co/ihpIvkgo4d	R	RUIM
"10717,""O Di ta bobo demais mano, que que isso kkkkkkkkkkkkkkkkk"""	B	BOM
"6673,""""""ain o norte nao vai aceitar pipipi popopo"""""	R	RUIM
"manoo morre congelado caralho"""	R	RUIM
1921,AAAAAAAAAAAA QUE DEMORAAAAA DISGRA√áAAAAAAAAA #GAMEOFTHRONES	R	RUIM
2910,@nxsensez sdv bb	N	NEUTRO
17403,@izypedroso INDEPENDENT MODEL	N	NEUTRO
6034,ariane voc√™ √© uma desgra√ßada	R	RUIM
16912,Final de semana foi bem legal üòç	B	BOM
"20162,""T√° frio demais, slc"""	R	RUIM
21816,@halrenmila opa que del√≠cia üòã	B	BOM
9979,Que fodaaaaaaaaaaaaaaaahhhh #GoTS7	B	BOM
18705,ao vivo: vai tomar no cu julia @putsgrilajulia	R	RUIM
"21929,""Perdoa meu corretor gente, ele n√£o sabe o que diz https://t.co/0O6oj3EV7m"""	R	RUIM
3238,Quando eu acho que vou achar uma academia bem em conta levo uma facada dessa no cora√ß√£o	R	RUIM
"20083,""Brann √© tipo o cara q foi prum retiro com  √≠ndios, tomou ayuashca, voltou pra cidade se achando O evolu√≠do, mas n√£o d√° bom dia pro porteiro"""	R	RUIM
19154,Me paga so um boque depois te pago um beck pega na rola e balan√ßa VADIA que depois te pago um lan√ßa!!!	R	RUIM
6428,Depilada cheirosa &amp	R	RUIM
"19777,""I got you covered: Jam City's """"Unhappy"""": https://t.co/0mdUWwEDo4"""	R	RUIM
6648,Fizeram um filme para vender a Minizinha do PagSeguro inspirado no  La La Land. √â isso mesmo que eu vi!?ü§î	R	RUIM
"6114,""Se a pessoa s√≥ te procura quando n√£o tem mais ningu√©m. Fuga, mesmo q a vontade  seja ficar!"""	R	RUIM
22387,preciso conhecer pessoas novas!!	B	BOM
"13748,""@romulomendonca Nas f√©rias da NHL, assistindo as aulas de baseball do mestre @ubiraleal Abra√ßos! #mlbnaespn"""	N	NEUTRO
11534,NADA BEM	R	RUIM
5762,Claro que n√£o  #askbelieber	R	RUIM
"18551,""Eu to simplesmente muito puta, vsf"""	R	RUIM
7114,#RuedaNoFlamengo https://t.co/Q2j48LY3av	N	NEUTRO
22897,Quando quero https://t.co/E1hDAI3CHr	B	BOM
"434,""quando Ele morreu, acharam que ja era, que tudo o que Ele tinha falado era mentira e de repente PA o cara ressuscita"""	R	RUIM
1136,@hollyparrilla TOMARA QUE A GENTE MORRA	R	RUIM
8628,U√© #askbelieber https://t.co/puT2MPyaXQ	N	NEUTRO
1836,cantei minhas m√∫sica pro pessoal hj todo mundo gostou hahahaha como isso √© gratificante	B	BOM
4895,t√° eu e Sheilla agora	B	BOM
6139,Aaaaa q nenemzinho https://t.co/sjaTStoxr3	B	BOM
21537,o momento de ora√ß√£o pr√© culto hoje foi lindo tamb√©m!!! Deus tem derramado tanto!!! sou t√£o grata Jesus!!! üíù	B	BOM
1688,meu deys as vezes da uma saudade do show da anavitoria tenho vontade de CHORA https://t.co/UbsR7aZKrc	B	BOM
18891,foram tantos recome√ßos que esquecemos da nossa ess√™ncia	R	RUIM
"14589,""Sofro o mesmo preconceito, √© complicado galerinha https://t.co/yWNI39OKDg"""	R	RUIM
10434,Esta dor horr√≠velüò≠üò≠üò≠	R	RUIM
"9953,""@GSAANTANAA √â q d√≥i em mim q sou mae, voc√™ nunca vai entender!!"""	R	RUIM
9197,N√ÉO POSSO SER A UNICA AHGASE TROUXA AQUI N√ÉO  #GOT7 https://t.co/6IZWpbO6qH	R	RUIM
5048,eu to triste cm esse video  aah https://t.co/vS7hyRNMG0	R	RUIM
9001,@Coxicoxinha @WXSLXYwsx @bloodmoonl em dobro	N	NEUTRO
"8720,""Bixo nois naturalmente √© zoero mas quando o tio luci t√° do lado, fica em imposs√≠vel"""	R	RUIM
10732,Comi igual gente grande agora!	B	BOM
4184,#timecrisvianna üëäüèΩüçÄ https://t.co/2tNbophIlb	N	NEUTRO
7936,Que o povo Venezuelano consiga se libertar desse tirano. https://t.co/EiqUJ5Z5JR	B	BOM
"130,""Se nao for pra me mandar shade, nem seja meu amigo https://t.co/N31X9OLb7a"""	R	RUIM
"21836,""OLHA OS ROUND Q EU PERCO VELHK QJXNJ JA KQK -&amp"	N	NEUTRO
9020,j√° virou um ciclo vicioso	R	RUIM
3004,pior que o bgl √© t√£o bom que c√™ n consegue sair daquilo	R	RUIM
"5401,""Olha o drama que ele fez, ele √© lindo tamb√©m bixo https://t.co/mg6UX62jTG"""	B	BOM
23275,@ surta com cada coisa q eu dou √© risada	B	BOM
"7409,""You're just everything to me! I'm very proud to be your fan @dinahjane97 Follow me and fulfill my dream, I beg you please. x95"""	R	RUIM
3943,sara vai tomar no cu	R	RUIM
"2644,""Meuu, comi uma puta batata hoje"""	B	BOM
"5530,""Vou dormir, tchau amores."""	N	NEUTRO
"3503,""@_jucorte sabiiiia, dificil eu errar"""	B	BOM
11013,O yan manda uns bgl nada a ver KKKKKKk	R	RUIM
10254,Nem todo sorriso √© sincero	R	RUIM
"7662,""quando a mina que n√£o te chama h√° 84 anos, te chama no chat pra falar da sua nova foto de perfil"""	R	RUIM
5524,s√≥ perreco K K K K K K	N	NEUTRO
2603,@mtios321 @NeydinhaOficial @legalizandra Kkkkkkkkkk	N	NEUTRO
"20266,""Pqp, come√ßaram a me puxar p me jogarem na piscina, a√≠ eu agarrei numa grande l√°"""	R	RUIM
"8673,"""""" Feito girassol, essa mo√ßa cheia de luz, vive tirando o sol para dan√ßar https://t.co/4yLVeJnui8"""	B	BOM
2261,Trombei a vizinha no elevador hoje	B	BOM
"3754,""meu celular ficou at√© melhor, de tantas fotos que apaguei"""	B	BOM
1710,@meduardarch Ent√£o desculpa a√≠ se voc√™ quer usar a ferramenta exatamente pra que ela foi criada	R	RUIM
4516,ja posso dizer o quanto eu sou apaixonada?? https://t.co/jocLrLfAES	B	BOM
"9083,""Dona do meu pensamento vc, nossa hist√≥ria"""	B	BOM
"9655,""Como eu disse pra ele... vou pouco me foder! Cansei de ser amiga das pessoas, e essas caralhas n√£o valorizarem"""	R	RUIM
17673,RT aqui quem t√° ansioso pra fotinha comemorando os tr√™s M VIVIAN RUMO TR√äS MILH√ïES	B	BOM
"11240,""You're just everything to me! I'm very proud to be your fan @dinahjane97 Follow me and fulfill my dream, I beg you please. x203"""	R	RUIM
17759,@THCeso  https://t.co/O5rKzQyFw3	N	NEUTRO
"9690,""N√£o gosta de mim, mas v√™ tudo que eu posto, u√© ü§∑üèΩ‚Äç‚ôÄÔ∏è"""	R	RUIM
10110,Vou dormir com meu amorzinho hoje	B	BOM
"8302,""me poupe, se poupe, nos poupe dos que se poupar√°s do que se poupar√£o"""	R	RUIM
"10283,""Ah n√£o, matar o bicho n√£o vale #GOTS7"""	R	RUIM
"18393,""@hobiguk o pior √© que isso mais me deixa triste do que brava, embora eu fique possessa, nossa grrrrrrrrrr"""	R	RUIM
13304,@juuhprata q nem vai enjoar de mim como novo namorado :((	B	BOM
"19944,""amnh ja √© uma nova semana oloko,tempo ta voando üòì"""	R	RUIM
8540,e eu nem sei como rasgou	R	RUIM
"14877,""@ThaFalando Mana linda e ca√ßula, super hiper mega Blaster feliz aniversario pra ti xuxu, muita saude, felicidade pa‚Ä¶ https://t.co/wC5sVyxC1z"""	B	BOM
"3906,""chaos is a leader"	N	NEUTRO
"MINHA FRASE SOCORRO"""	R	RUIM
3215,O Edmundo hoje nao para de falar... queria ouvir mais o @pvcefox e o Paschoal... Simon nao abriu a boca em 40min #aupfoxsports	R	RUIM
13474,AAAAAAAAAAAAAAAAAAAAAAAAAAAAAA https://t.co/2AAM5jqUcs	N	NEUTRO
"9755,""caixa, e mais uma, e mais uma... kkkkkkkkkkkkkkkkkkkkkk"""	R	RUIM
"10045,""Churraquinho de Le√£o...."	R	RUIM
"ADOROOOOOOOOO #GOT7 GameOfThrones"""	B	BOM
14891,Isso na minha terra se chama mulher√£o da porra https://t.co/BSalQ0YxoK	B	BOM
"20980,""@yaahfactor @pomme_ana Sla u√©, lembrei de vc"""	B	BOM
9524,Dracarys mothefucker!.üêâüî•üî•#GameOfThrones https://t.co/AZWRe4k9zK	N	NEUTRO
"15801,""Pense como quiser, s√≥ quem sabe √© quem sente"""	R	RUIM
1457,T√¥ c um sono da porra	R	RUIM
1487,aah t√¥ apaixonada na minha irm√£zinha ‚ù§Ô∏è	B	BOM
7463,meu deus eu me senti mt a mary de reign agora dan√ßando back to you	B	BOM
13815,medo de abrir um v√≠deo do @iloveputarias esperando um gemidao e ter o √°udio de um v√≠deo normal	R	RUIM
"3441,""parece meu tio falando que n√£o torcia mais pro flamengo, a√≠ chegou o outro jogo ele tava la vendo o jogo brigando c‚Ä¶ https://t.co/bqXgVzyG7h"""	B	BOM
"20847,""Jacs e seus status de l√©sbicas, mere√ßo."""	R	RUIM
15419,Eu vendo a DAENARYS finalmente torrar geral!!! https://t.co/fiI0pcrapH	B	BOM
18589,Big Little Lies tem que ganhar todos os Emmys que est√° concorrendo	B	BOM
15451,mano	N	NEUTRO
"17710,""mc kauan meteu o loco, voltou com a tati zaqui"""	B	BOM
12608,Beijinho com chantilly üòÇüòÇüòÇüòÇ‚ù§	B	BOM
"9689,""Dracarys, caralho! #GameOfThrones https://t.co/tDaOkPTdKa"""	B	BOM
13461,comecei a estudar hist√≥ria e f√≠sica e n terminei nada ü§ôüèª	R	RUIM
"5655,""Fui meter logo 3mm de alargador, ta doendo pra caralho"""	R	RUIM
"14736,""√â que depois da briga a gente faz amor como nunca fezzzz, √© que depois da briga a gente faz amor como se fosse a primeira vez üéßü§§"""	B	BOM
"13439,""Como passa r√°pido, meu Deus"""	R	RUIM
"14500,""S√≥ de lembrar que daqui 20 dias vou ver meu pai, meus primos, o Bernardo, meus amgs de Palmas etc me da ate uma vontade de viver"""	B	BOM
"5933,""""""Mas eu lembro quem √© quem, nunca esque√ßo um por√©m,v√™m cheio de falsidade hoje, o que vai volta tamb√©m...."""""""	R	RUIM
17134,triste ter que reativar os despertadores pra acordar cedo	R	RUIM
15563,Minha m√£e voltar do Jap√£o https://t.co/AzpVuDuBn8	B	BOM
"15206,""Meu Tumblr t√° foda pra caralho! dei um up nele, depois de 3 dias sem usar hihi"""	B	BOM
16627,So quero q ele tome no cu	R	RUIM
17802,Bem p√©ssimo ficar relembrando o passado e querer voltar pra ele	R	RUIM
"8508,""Ela foi um anjinho na minha vida e continua sendo, a raz√£o de muitos dos meus sorrisos (n√£o todos pq o bts tbm ta na lista) e risadas no wpp"""	B	BOM
13760,felizmente spoiler de game of thrones eu nao levo	B	BOM
14047,@LucasRanngel chama-se maturidade	B	BOM
15654,Comi pra caralho em fi√£o	B	BOM
10515,Puta MERDA	R	RUIM
"19174,""@_arthurvital @fabriciomargi_ aiiiiiiiii tabao entao, xau"""	R	RUIM
1072,Meu psicol√≥gico n√£o est√° preparado p segunda-feira ü§¶üèª‚Äç‚ôÄÔ∏è meu corpo n√£o est√° preparado p acordar √†s 5h ü§¶üèª‚Äç‚ôÄÔ∏èü§¶üèª‚Äç‚ôÄÔ∏è	R	RUIM
"9215,""um rap,se foda os loco"""	R	RUIM
15798,AMOOOOOOO https://t.co/Gsb0Ul4nlW	B	BOM
"8411,""meu padrasto me fez passar vergonha hj na rua,aaaaaaaaaaaaaahhhhhhhhhhhhhhhhhhhhhhhhhhhh"""	R	RUIM
11781,Dia 19 ‚ù§Ô∏è	N	NEUTRO
20536,kaike me difamando na rede social ao lado üôÄ	R	RUIM
22707,eu olho pra esse rostinho e s√≥ consigo pensar que quero esse sorriso e essa mulher todinha presente em todos os dia‚Ä¶ https://t.co/9iJtXDT18U	B	BOM
21421,eu quero muito uma caneta dessa aaaaa https://t.co/5nEdn5AqwO	B	BOM
18391,S√ÉO****	N	NEUTRO
"4946,""Mais um reencontro Stark, mas o quero ver mesmo √© o Jon e Arya ‚ù§ #gots7 #GameOfThrones"""	R	RUIM
8602,@tweettorcidas @UeCamargo  https://t.co/5bzvdSJaP3	N	NEUTRO
13652,Preciso arrumar minha mochila pra amanh√£ mas t√¥ com uma puta pregui√ßa	R	RUIM
5562,E da o maior role. N√£o recomendo.	R	RUIM
18244,ainda bem que n√£o me demiti cagando na mesa do patr√£o pq irei ter q ir amanh√£ novamente pra resolver pendencias	R	RUIM
21291,Queria ser Bella Thorne https://t.co/DRaU1GY7Xx	B	BOM
20516,Quem trai tamb√©m n√£o	R	RUIM
"17631,""O Lucas ta me acostumando mt mal, desse jeito n da, como que dorme sozinha mesmo?"""	B	BOM
"266,""Se eu sinto cheiro de tequila agora, eu caio pra tr√°s"""	R	RUIM
7865,Pablo Vittar √© FODA!!!!	B	BOM
"1062,""06. Alcione """"Minha estranha loucura"""" #N√£oErreALetra #ProgramaSilvioSantos"""	N	NEUTRO
"15435,""Xuxu, se quiser ficar eu vou te tratar muito bem mas se quiser ir eu fa√ßo quest√£o que v√° e nunca mais volte!"""	N	NEUTRO
3159,Se a maconha tiver acabado de ser tirada da arvore da pra inalar mto mais fuma√ßa	B	BOM
10022,@livss_b gostei do esmalte bb que cor √© essa	B	BOM
"16493,""Jesus Cristo, s√≥ de pensar j√° me aperta o cora√ß√£o https://t.co/HhutZhnAQ6"""	R	RUIM
5606,@BTS_twt Seus desenhos s√£o maravilhosos	B	BOM
"20465,""Detesto gente que te oferece algo, voc√™ diz que n√£o gosta e agradece, mas a pessoa continua querendo empurrar pra voc√™ experimentar üôÑ"""	R	RUIM
"3819,""Pegue todos os CD's, pegue os nossos livros, as fotografias, joga fora no lixo."""	R	RUIM
5566,Essas hora da noite e a Emelisa me indicando sofren√ßa	R	RUIM
2019,T√° a√≠ algu√©m que deve cheirar a dinheiro https://t.co/bgoZhBr8Uy	B	BOM
"4279,""Mata esse embustes logo"	R	RUIM
"#got #gameofthrones"""	N	NEUTRO
11332,COMO ASSIM ME ACABA O EPIS√ìDIO DESAA FORMA TOMAR NO CU	R	RUIM
"17454,""pq que as pessoas s√£o assim, pq"""	R	RUIM
16249,Bebe t√° dormindo cmg	B	BOM
"7970,""@wiiliansVenanc1 Levir assumiu o Santos na 5¬™ rodada e tem 1 derrota at√© agora.J√° o Dorival, ao contr√°rio do q acon‚Ä¶ https://t.co/geyxtMUSnH"""	R	RUIM
16408,@brunocorrea99_ N sei	N	NEUTRO
17434,CACETE O CAMPINAS TEM TWITTER SOS	R	RUIM
"10765,""eu poderia falar que te amo , mas voce nem liga mesmo .. @"""	R	RUIM
"12426,""HOJE A RAINHA DRAG√ÉO FEZ JUS O NOME, QUEIMA QUENGARAL"""	R	RUIM
22954,@kimpatriota troquei o meu deck pelo seu e olha o que consegui fazer hauahaauah &lt	R	RUIM
"160,""A tristeza deforma os rostos aqui, aqui, entre o que nao te deixa sonhar e o que nao te deixa dormir"""	R	RUIM
3876,üåû https://t.co/dEMxP5mhbc	N	NEUTRO
13419,@TheBiancaDelRio @cher best look in history üòÇüòÇüòÇ https://t.co/f06L31u4eE	N	NEUTRO
15147,Como eu vou fazer pra dormir agora?????	R	RUIM
21376,@ana_ralvarenga quarta	N	NEUTRO
18449,@deus tira de mim a vontade de fazer o risquinho de vdd https://t.co/ClbOzHmD5g	R	RUIM
20392,eu gosto memo √© de qm sabe conversar	B	BOM
8292,van mccann eu te amo tanto porra	B	BOM
13254,T√£o bem https://t.co/et4qaVnaOk	B	BOM
2881,Fui pra missa com a mamis e com o gui üôåüèº‚ù§Ô∏è	B	BOM
"12066,""Meu cora√ß√£o ficou acelerado, fiquei daquele jeito que vc s√≥ percebe que t√° sem respirar quando come√ßa a ficar roxo pqpqpqpppqpppq #GoTs7"""	R	RUIM
987,N√£o quero ir pra escola amanh√£ #askbelieber	R	RUIM
17384,Cad√™ meu @alefrotabrasil?	N	NEUTRO
9980,rt https://t.co/2zStAPQWGk	N	NEUTRO
4259,=‚úì	N	NEUTRO
20029,@holzmann23 HAHAHAHAHA MONSTRAO	B	BOM
"165,""odeio quando eu estou rindo e a pessoa fala """"s√≥ sabe rir"""" "	R	RUIM
se eu estou rindo	B	BOM
me deixa rir 	B	BOM
"u√©"""	N	NEUTRO
21563,Voc√™ est√° feliz com a decis√£o de demitir o ZR?	R	RUIM
6580,Maior pi√£o c as meninas kkkkk	R	RUIM
"16025,""Como √© horr√≠vel depender dos outros, pqp"""	R	RUIM
"20280,""Alo alo rinite, sai daqui, obrigadaaa"""	R	RUIM
"12129,""JAMIE QUASE VIROU CHURRASCO, E AGORA VOU TER QUE ESPERAR AT√â DOMINGO PRA SABER SE ELE MORREU AFOGADO??? EU N√ÉO AGUENTO #GOTs7"""	R	RUIM
"12273,""Pensa em uma alegria! "	B	BOM
Meu canal agora est√° com 3460 inscritos &lt	N	NEUTRO
	N	NEUTRO
"Ser #YouTuber n√£o √© f√°cil, mas crescer aos poucos fale a pena!"""	B	BOM
11369,Desgra√ßado filho da puta n√£o machuca meu drag√£o seu viado do caralho #GoTS7	R	RUIM
13735,Meu livreiro t√° cheio	N	NEUTRO
6323,@Peluciada vou aparecer em	N	NEUTRO
21545,preciso arrumar uma doida	B	BOM
8875,Essa dai sobro kkkkkkk https://t.co/wW6VfbG2cF	R	RUIM
"11231,""A minha maturidade pra algumas quest√µes me surpreende demais, feliz com isso! üçÄ"""	B	BOM
4289,https://t.co/ZJayTKocQ5	N	NEUTRO
4648,https://t.co/Yz6v2GfeVY	N	NEUTRO
12522,Eu tenho o mundo nas minhas m√£os com a m√£e que tenho üíô	B	BOM
4944,Parei de perguntar o que eu to fazendo da minha vida e s√≥ to fazendo mesmo	B	BOM
11526,aff eles s√£o t√£o lindinhos s√≥ quero chorar https://t.co/7bJou3XPxt	R	RUIM
"21510,""MANO VOU DORMIR VOU VER ESSE EP. NOVO DE GOT AMANH√É CEDO COM CERTEZA, NINGU√âM MERECE VER TRAVANDO ASSIM, VER CEDO S√âRIE TEM UM GOSTINHO BEM"""	R	RUIM
4387,Chupa o bico do meu peito e mete com vontade	B	BOM
"6193,""You're just everything to me! I'm very proud to be your fan @dinahjane97 Follow me and fulfill my dream, I beg you please. x44"""	R	RUIM
22249,meu pai me disse todas essas frases s√≥ hoje https://t.co/fLs4jypSHu	R	RUIM
16199,Pirac√≥ptero!!! https://t.co/p7XoD4QlOs	N	NEUTRO
3360,Que Deus nos livre!	N	NEUTRO
20094,At least... https://t.co/KpyPTMzcEc	N	NEUTRO
8585,JON AAAAAAA	N	NEUTRO
3648,Minha vida seria bem triste em Dragon Age https://t.co/zgLKq2pbGZ	N	NEUTRO
"3267,""Ligou dizendo que t√°' preocupado, perguntando o que tem de errado. Que √© pra eu me abrir, que eu preciso me abrir."""	R	RUIM
"22938,""@StGuima cz, o ma√ßo todinho, pqp"""	R	RUIM
22623,To rindo muito com essas tetiiiiinha	B	BOM
9462,QUE FODA MEU DEUS QUE S√âRIE MARAVILHOSA	B	BOM
12357,√â vdd que gato morde?	R	RUIM
"3208,""Desse jeito c√™ me deixa louca, mesmo que c√™ n√£o saiba, sou eu, n√£o tem outra üí•"""	B	BOM
10328,amores da minha vida!!!! ‚ù§ https://t.co/ajKTasQpSm	B	BOM
4760,EU TO CHORANDO EU AMO MEUS STARKS REUNIDOS	B	BOM
5157,minha fam√≠lia na telinha da globo to emocionada	B	BOM
21654,Rssss voc√™ √© fant√°stico!!! https://t.co/eDYhQ9MzXJ	B	BOM
"10362,""Do role de ontem, a melhor parte foi quando continuou na rua.."""	B	BOM
12739,@pedropaulo109 @_isaguazzelli vc √© o estranho da fam√≠lia	R	RUIM
"20334,""@tintilo nao, eu deletei. deixei so uma, pq"""	R	RUIM
20539,#JornaldeDomingo | As contas de luz ter√£o bandeira vermelha no m√™s de agosto. Ouvimos o economista do Dieese Camarg‚Ä¶ https://t.co/adR1lVp4nU	R	RUIM
20128,eu sinto falta do lennoüò≠	R	RUIM
1139,Quando voc√™ consegue finalmente um espelho no seu quarto mas a c√¢mera do seu cel estraga............... A sorte caminha do meu lado sim	R	RUIM
16609,SIMMMM https://t.co/EgoupwZvAN	B	BOM
15748,As pessoas deveriam ver as Gagas de ilh√©us toda hora HAUAHAUAJAI	B	BOM
"12495,""O que √© isso? S√£o ovelhas?"	R	RUIM
Errado	N	NEUTRO
"21404,""Coisas que aprendi com a Gi: oi sumido, rs"""	B	BOM
8901,@anagalante_ A√≠ que foto boa kkkkkkkkk	B	BOM
"10490,""Ter√ßa come√ßa minha faculdade, me mato agr?"""	R	RUIM
"20192,""No matter our first name, our last name, our skin color, or our love, we are creators."	B	BOM
Come create with us...	N	NEUTRO
"https://t.co/j76e5oYEkJ"""	N	NEUTRO
78,ilove jaejin	B	BOM
15915,muito com dormir s√≥ de camiseta e calcinha ai ai	B	BOM
14772,Puta que o pariu.	R	RUIM
4352,oi @@ https://t.co/S4TuLzJtsO	N	NEUTRO
"294,""vou deixarr, o meu anel de prata pra voc√™ voltar üåπüçÇ"""	B	BOM
1573,Como se faz uma caipirinha de Vodka? Segue a dica! üòâ https://t.co/O8eXHlLucj	N	NEUTRO
13865,AM√âM CARALHO https://t.co/EJbpvjL7Of	N	NEUTRO
5979,@alexgarutti fmz m√£e din√°	N	NEUTRO
3260,@giubst in√∫til	N	NEUTRO
8610,WHERE DID SHE GO?	N	NEUTRO
8082,O twitter √© o √∫nico q se importa cmg e pergunta sempre oq ta acontecendo	B	BOM
18231,Amanh√£ volta √†s aulas üò≠üò≠	R	RUIM
13453,gente sumiram td meus l√°pis	R	RUIM
11054,N√£o durmam no talento desses meninos galera https://t.co/LytoLZCIJK	R	RUIM
8966,O domingo nem acabo e as mina j√° t√£o querendo ir amanh√£ pra puc	R	RUIM
4474,#RuedaNoFlamengo j√° pensando em 2018. Ter√° tempo de se adaptar. https://t.co/AnnNfWqM7n	B	BOM
"8864,""meu sonho de princesa: mesmo sendo sobrinho e tia, quero que eles se casem e comandem os sete reinos nunca pedi nada pra ningu√©m #GoTS7"""	B	BOM
15286,Onde √© o jet que eu t√¥ voando	B	BOM
19831,Hmm ü§î https://t.co/cREXQTyyu2	N	NEUTRO
"15602,""Minha fam√≠lia inteira """"Pr√≥ximo casamento √© seu em Sa"""" claro lindos, arrumem a noiva que eu caso"""	B	BOM
12024,Amanh√£ eu vou ver se o luan sabe cozinhar msm KKK	N	NEUTRO
"6836,""A√™w"	N	NEUTRO
@orlean 	N	NEUTRO
Se vc gosta de engajamento, n√£o vou te criticar.	R	RUIM
"Est√£o de parab√©ns!!!! https://t.co/jphe3TI47I"""	B	BOM
3506,Quero deitar mas tenho Q esperar minha unha secar	R	RUIM
"9678,""@lmundissol Sim, voc√™, um dos poucos, N√£o dizendo que poucos n√£o √© o suficiente, s√≥ esperava mais de alguns amigos, familiares e afins"""	R	RUIM
11161,Nossa eu vou chorar	R	RUIM
4729,Minhas meninaaaaas	B	BOM
11789,AAAAHHHHHH CARAI ESSE EPIS√ìDIOOOO #GOTS7	B	BOM
"20727,""#Socorro t√¥ na d√∫vida:"	R	RUIM
"Isso √© uma bunda ou uma barriga de gr√°vida? https://t.co/pDf4X3Sdp5"""	R	RUIM
9898,muito ruim!! https://t.co/5ReCuULY3h	R	RUIM
"2751,""se voc√™ n√£o aceita desculpa, n√£o sou obrigada a te agradar https://t.co/KoFGI5QUsA"""	R	RUIM
5334,got n√£o eh sua culpa que vc eh t√£o boa mas voc√™ t√° arruinando a minha vida	R	RUIM
14136,@Carolin95araujo Ontem tinha alguns comentando na live.	N	NEUTRO
"1126,""curti a brincadeira "	B	BOM
"agora tem que mandar"""	B	BOM
22701,https://t.co/u6tI8q0sdV Pessoal se inscrevam aqui pra mim? √â s√≥ a introdu√ß√£o mas mesmo assim se puderem me ajudar eu agrade√ßo!!	R	RUIM
14501,Eu gostaria de revelar que t√¥ comentando mas n√£o vi o epis√≥dio por motivos de: N√£o tenho HBO	R	RUIM
"15426,""You're just everything to me! I'm very proud to be your fan @dinahjane97 Follow me and fulfill my dream, I beg you please. x242"""	R	RUIM
22799,Uhuuuuuuu parab√©ns @claudiiaoficial üíôüíôüíôüíôüíôüíôüíôüíôüíôüíôüíôüíôüíôüíôüíôüíñüíñüíñüíñüíôüíñüíôüíôüíôüíôüíôüíôüíôüíôüíôüíôüíôüíôüíôüíôüíôüíôüíôüíôüíôüíôüíôüíôüíôüíôChuva de amor	B	BOM
22366,@KelvinJun j√° to correndo	B	BOM
"9456,""You're just everything to me! I'm very proud to be your fan @dinahjane97 Follow me and fulfill my dream, I beg you please. x185"""	R	RUIM
"20164,""nao fode, odeio marmita de bandido"	R	RUIM
os cr da bope tava aqui na √°rea, falei que vi bandido em tal lugar	B	BOM
"cr da lanchonete ficou bld cmg"""	R	RUIM
"14509,""fiquei puta com um casal q entrou na mesma corrida que a gente, S√ì ATRAPALHOU ü§¶üèª‚Äç‚ôÄÔ∏è"""	R	RUIM
17152,At√© assustei agora c os papo do meu primo kkkkkkkk mlk √© ruim em	R	RUIM
8650,Amanh√£ a Chape vai tomar 10 do Barcelona.	R	RUIM
"8313,""@deniseksferraz Tamo t√£o nessa fase miga, quero saber de td menos de beijar e de ra√ßa masculina (feminina tb antes‚Ä¶ https://t.co/f0cJmfzzbx"""	R	RUIM
"12541,""Cheguei no condom√≠nio e logo dei de cara com a guria q a mana brigou, a bichinha ficou me encarando com o namorado dela kkk sai loca"""	R	RUIM
"12355,""churrasco de lannister amo"	B	BOM
"#GoTS7"""	N	NEUTRO
"4736,""1 hora no telefone com meu velho, saudade que n√£o cabe em mim ‚ù§Ô∏è"""	B	BOM
"3440,""T√¥ vendo """"Deus n√£o est√° morto 2"""" com minha m√£e ‚ù§Ô∏è"""	B	BOM
"10849,""√â uma pena eu ser muito lerda e precisar que Luan fique me explicando umas coisas do filme, pq at√© eu entender j√° acabou hsushsjsjsjs"""	R	RUIM
14601,Podemos ver como ele me amam https://t.co/JAue8QGlYV	B	BOM
7195,MEU DEUS UMA LUTA DAS DUAS √â MEU SONHO DE PRINCESA	B	BOM
181,Mano eu fico olhando mil vezes a minja hist√≥ria do snap	B	BOM
6532,GENT EEU TO CHORANDO COM ESSA REUNIAO DOS DOIS	B	BOM
16755,Desviando de spoilers at√© amanh√£! #GameOfThrones üôà	N	NEUTRO
6414,Vou f1 e capotar ! https://t.co/YzSJphjXD9	B	BOM
16096,A gente percebe que realmente est√°vamos loucos quando abrimos o tudo de gota e lambemos HAHAHAH	B	BOM
16370,FALTA S√ì UM EPIS√ìDIO GENYE NAO	N	NEUTRO
3015,Qdo come√ßo abrir a foto da pessoa pensando no bjo dela eh porque fudeo kkkkkkk	B	BOM
10037,@laramatos_ pod alugar essa semana szszsz	N	NEUTRO
2454,VAMOLA #GOT	B	BOM
"2352,""Enfim em casa, estou cansadona"""	B	BOM
19587,acho q a luana dormiu grrr	R	RUIM
"12572,""Manoooooooo, pra que eu fui ver esses v√≠deos????? Af üò£"""	R	RUIM
13871,Como dorme depois de um epis√≥dio desses  #GoTS7	R	RUIM
11795,O Boa Noite da minha v√≥ fez o meu dia valer a pena ‚ù§Ô∏è	B	BOM
5734,Queria um sorvete de chocolate branco trufado de doce de leite ü§§	B	BOM
"21503,""@kimtaehywgz siiiim, eu fico indignada, mano eu venho de uma √©poca que se tu n√£o escrevesse uma coisa boa mesmo floparia na certa"""	R	RUIM
17235,ELA DISSEEEE ADEEEEEEEEUS!!!! Olha esse passeio do meu Dodgers #MLBnaESPN	R	RUIM
9329,@IgorNeumann27 @BiaSanttana Desde 2009	N	NEUTRO
20668,J√° to assistindo o terceiro filme	B	BOM
"21548,""@nathila_rocha oi cherosa, vem sempre aqui ?"""	B	BOM
21657,parei e fumar e oq acho na rua? um ma√ßo fechado de cigarro no ch√£o	R	RUIM
17078,T√¥ com tanta dor de cabe√ßa	R	RUIM
3714,mindinho seu nojento	R	RUIM
10627,kkkkkkkkkkkkkkk https://t.co/tTJDkqIK47	N	NEUTRO
19561,Tem pessoas que me fazem uma falta	R	RUIM
"16294,""You're just everything to me! I'm very proud to be your fan @dinahjane97 Follow me and fulfill my dream, I beg you please.üôèüñ§ x281"""	R	RUIM
12416,@RicaPerrone Gr√™mio?????	N	NEUTRO
21546,so cute https://t.co/Cv9IXSXd4D	N	NEUTRO
"18243,""fiz text√£o pra umas pessoas, mereceram demais"""	R	RUIM
4503,n tenho mais f√≠gado pros fins de semanas	R	RUIM
20056,no momento se encontro 400% carente	R	RUIM
20023,Amo esse som	B	BOM
10488,To me entupindo de pizza meu deus	R	RUIM
16020,Sdds aten√ß√£o üò™	B	BOM
640,N√£o posso gostar de gente mais novo que eu n√£o Karen t√° errado	R	RUIM
2345,@_Melegante por que	R	RUIM
8246,To brava  #askbelieber	N	NEUTRO
7053,fukiu	R	RUIM
11473,QUE EP FODA MANO #GoTS7 #GamesOfThrones	B	BOM
"17189,""saio entrando no twitter do amigo p curtir minha foto, t√¥ mt carente mesmo"""	R	RUIM
"7188,""eu sou muito fodido"	R	RUIM
"muitoooo"""	B	BOM
9930,Queria muito ir para Dubai  üòÇüòÇüòÇüòÇüòÇüòÇ	R	RUIM
19407,@ehrmantrautt n√£o conhe√ßo mas tem icon de gato j√° amei	B	BOM
2298,√ìtimo https://t.co/nhP9vZUZPo	N	NEUTRO
"2049,""meu apelido de """"nen√©m"""" pegou, ser a mais nova tem dessas! adorei kkkkkkk"""	B	BOM
6974,N√£o to preparado pra voltar pra escola	R	RUIM
8970,√â pedir muito? Nao n√© https://t.co/U2VwMYMqUM	N	NEUTRO
22635,...	N	NEUTRO
"8638,""üò∂Te adoro, vc sabe e foi sempre uma del√≠cia estar com vc... Esses olhos üòçTopou me conhecer quando quase ningu√©m sab‚Ä¶ https://t.co/n0CHPpEcC2"""	B	BOM
18606,cad√™ o teaser?	N	NEUTRO
18152,Masssss	N	NEUTRO
8225,Amanh√£ https://t.co/O7nIYj5l2Q	N	NEUTRO
3628,@Luc4s_Jose Alessandro Nesta	N	NEUTRO
918,98% das pessoas q conhe√ßo me odeiam	R	RUIM
22631,@CaioFEC @ranynani_ üôÑ	N	NEUTRO
19835,Devo estar doente pra n√£o conseguir engordar slc... espero que n√£o seja anemia	R	RUIM
13532,to com dor de barriga	R	RUIM
"199,""Praga de gorda √© pior que praga de puta: 5kg a mais.  Eu ia descongelar lasanha, mas vou de ch√° com bolacha √°gua e sal. üòñ"""	R	RUIM
"14075,""Eu n√£o tenho um melhor amigo e minha melhor amiga n√£o me responde, eu t√¥ sofrendo üòî"""	R	RUIM
17060,#ResenhaAoVivo p√© podre Kjkkkkkkkk pra salvar o domingo resenha Kjjkkkk !	B	BOM
"20796,""@aishavaldoni oi mana! Chama todo mundo pra falar com a gente neste site! Fala pro Ka√≠co que crusho horrores nele, hahahah"""	B	BOM
14942,macho n√£o sabe aceitar um n√£o ne? aaaaaaa	R	RUIM
"1082,""Hj fui no centro e mds, sa√≠ de la renovada, tava precisando tanto disso q nem sei explicar."""	B	BOM
14743,@pabllovittar Te amo muitoooooooo se nem faz ideia.	B	BOM
19843,Que se foda todo mundo!!!!	R	RUIM
433,Que ca√≠a o mundo pra n√£o cair um dos nossos üí∞üï∫üèæüî•üñïüèæ@f1nicolasalves https://t.co/Wp03dRRdAT	N	NEUTRO
4012,Eu andando no carrinho do meu primo https://t.co/ZBCs7lLCpC	B	BOM
7244,O primo do biel ele e tipo um irmao pra mim adoro quando sai eu ele e o biel	B	BOM
3069,one step closer	B	BOM
20252,@HelpF5H @dinahjane97 You're just everything to me! I'm very proud to be your fan @dinahjane97 Follow me and fulfil‚Ä¶ https://t.co/P2RGeD7Vro	R	RUIM
1359,O fracasso da minha vida sou eu mesmo	R	RUIM
6991,mds trouxeram um cheesecake pra mim to morrendo	B	BOM
"5839,""kkkkkkkk eu sou atingido de todo lado, slc"""	R	RUIM
10223,@greicefarias_ eu nao	R	RUIM
21483,o que vale √© a inten√ß√£o	N	NEUTRO
9293,@lu_lipski E fds que vem vou dormir cntggggg üòçüòçüòçüòç‚ù§‚ù§‚ù§‚ù§	B	BOM
14983,Porra	N	NEUTRO
14800,Eu estou indo dormir muito tarde todo dia	R	RUIM
"15519,""Essa semana """"tudo"""" volta ao normal"""	B	BOM
"21761,""antes de voc√™ passar o seu n¬∞/rede social p um cara na balada, deveria ter um alerta """"esse √© metido e n√£o vai parar de te encher o saco"""""""	R	RUIM
"12498,""#GoTS7 To no chaaooo, talvez amanha eu levante, ou so domingo que vem"""	R	RUIM
"16624,""You're just everything to me! I'm very proud to be your fan @dinahjane97 Follow me and fulfill my dream, I beg you please.üôèüñ§ x297"""	R	RUIM
13721,@meuluantaa @luansantana @CentralDeFasLS Am√©m amor obrigado viu ‚ù§Ô∏èüôè	B	BOM
15584,Kkkkkkkk https://t.co/PSwI3lg7ru	N	NEUTRO
"17245,""Gente, na moralzinha, parem de ficar dando rt no v√≠deo do Justin abra√ßando a menina l√°, tipo, q bom pra ela mas eu fico m√≥ malzona kkkk"""	R	RUIM
22452,O q parou a 23 de maio a essa hora? @PMESP ?	N	NEUTRO
22618,Eu nasci pra passar aperto HAHAHHAHAHAHAH JESUS	R	RUIM
6662,Povo preocupado com Venezuela enquanto nosso Pa√≠s vai a bancarrota.	R	RUIM
"13667,""@JuliaLima97 @Hangulptbr @ArmyDiario @BangtanMozao @LoveYouJoonie @Brangtanzil Sempre vejo isso, anoto em bloco de‚Ä¶ https://t.co/ASw0eTbUSd"""	B	BOM
"11897,""E essa mina diz que eu me acho muito, e √© por isso que ela me detesta"""	B	BOM
6143,@eeuthi kkkkkkk Olha ele ta Gringo Ele	B	BOM
12188,O QUE FOI ISSO???? üò≥üò± #GoTS7	R	RUIM
2300,@BakaGabu de nada!!	B	BOM
15586,Preciso tirar umas fotos 3x4	N	NEUTRO
19331,Pelo menos Hoje em dia eu tenho capacidade pra ver o lixo que isso √©	B	BOM
9803,#GoTS7e4 puta que pariuuuu!!!! Vai Daniiii vai do	B	BOM
"1906,""‚ö°Ô∏è ‚ÄúMuitos acreditaram que Neymar e Bruna voltaram üíî‚Äù"	N	NEUTRO
"https://t.co/seWtcpN8Sf"""	N	NEUTRO
13329,eu t√¥ sem palavras bicho	N	NEUTRO
"17982,""A√≠ que abra√ßo gostoso de Arya e Sansa Stark, v√£o at√© o Bran porraaaaaaaaaaaaa"""	B	BOM
14100,Fizemos a janta hoje üòã	B	BOM
"18464,""s√≥ agora me dei conta do hor√°rio, e eu aqui achando que ainda estava passando a dan√ßa dos famosos."""	R	RUIM
3920,@Kanon41 Eu desenhei sdkjfnskj	B	BOM
12102,CARALHO EU T√î TREMENDO #GOTS7	B	BOM
"16251,""hello, Mrs. next year https://t.co/dbgAkPG6o6"""	N	NEUTRO
4928,Xamaaa https://t.co/LdNHrLQBNo	N	NEUTRO
13441,@ddeborahhc Sua suja	R	RUIM
17330,esse sou eu meninas? @rainhaweng @crylwvi @diaraagao @glorymxxn https://t.co/xFY4tYolrW	R	RUIM
"16717,""SE VOC√ä FICAR COM MEDO DA DAENERYS E TRAIR ELA EU TE MATO "	R	RUIM
"#GOTS7 https://t.co/PU8mN98R6c"""	N	NEUTRO
"22220,""O dinheiro n√£o s√≥ fala, como faz muita gente calar a boca"""	B	BOM
315,@guidilol Eu ri igual uma lazarentakjhjkKAJJAJAJAJAKAKKAKAKAKA AAAAAAAAAAAA fui mostrar pra rabet√£o m√£e e ela me olhou com desprezo :/	B	BOM
6011,Tenho uma intui√ß√£o q essa ex escrava ai t√° traindo minha rainha Dany maravilhosa #got7	R	RUIM
"21037,""Queria dormir, mas cad√™ o sono n√©"""	R	RUIM
"18073,""@mclbucker nada contra, tenho ate amigos q sao"""	N	NEUTRO
11799,Dan√ßar √© tudo de bom!	B	BOM
"22612,""Meu, eu n√£o estou tendo tempo nem p marcar unha nem nd kkkkk"""	R	RUIM
1859,Melhor ainda porque a maioria eu n√£o conhecia	B	BOM
12799,Mais um dia 6 da minha preta ‚ù§	B	BOM
9718,CARALHOOOOOOOOOOOOOOOOOOOOOOOOOOOOOOOOOOOOOOOOOOOOOOOOOOOOOOOOOOOOOOOOOOOOOO	R	RUIM
18172,#GOT7  agora denerrys ja conhece a arma ela pode fazer um plano	B	BOM
"4990,""@TheIvoryShield LOL I misspelled, Roko is not vaporub but he can make you all better"""	B	BOM
"16835,""Falei p Rapha assistir Um Porto Seguro do Nicholas Sparks, agora ele t√° assistindo e conversando sobre cmg ‚ù§Ô∏è‚ù§Ô∏è‚ù§Ô∏è‚ù§Ô∏è"""	B	BOM
"4779,""@sra_lange_ @Rainbow_inRain @favsktae Eu t√¥ linda, livre, leve e solta..."""	B	BOM
18272,tell me is that deja vu?	B	BOM
"19395,""nao seu lidar com gente assim, aiaiai https://t.co/BCWvp4YpdE"""	R	RUIM
20832,Sinceramente n√£o sei qual √© a desse povo üòï	R	RUIM
743,@CafeFilosofico_ nem no culto foi hj?	R	RUIM
"11722,""Porra HBO voc√™s me devem 10 min desse epis√≥dio, pq acabou mais cedo? :("""	R	RUIM
17988,eu t√¥ apaixonad√≠ssima https://t.co/IvH6amWhzU	B	BOM
18383,19 partidas sem derrota no campeonato Brasileiro e de lambuja a perman√™ncia na s√©rie A no 1¬∫ turno pq fas iso #Corinthians ?	B	BOM
7385,BRIENNE A ARYA TREINANDO JUNTAS??????? #GameOfThrones https://t.co/wMbYG9Zhr5	B	BOM
21502,Quero dormir mas n√£o quero	R	RUIM
14316,√â eu falando de dieta com a Day √© o Ramon me mandando foto de batata frita kkkkkkk	R	RUIM
83,Fdss foi massa üôåüèº	B	BOM
10206,Minha corrente estourou üíî	R	RUIM
10070,V√°rios seguidores me deu unf üò¢üíî	R	RUIM
14148,Isso machuca porque eu temo que isso vai acaba acontecendo	R	RUIM
5217,Tipo transporte coletivo s√≥ q no carro kkkkkk	R	RUIM
18436,√© penteeeeee pente penteeeeee	B	BOM
"6646,""@BTS_twt com certeza esse foi o Jin"	R	RUIM
"Man heart https://t.co/MdN73MGDcY"""	N	NEUTRO
13971,üòá https://t.co/dAlJsnMPBv	N	NEUTRO
"22647,""Sou dessas que acha que cada um usa a droga que quer, quer fumar crack pelo cu, arrasa. Mas tenho muita gastura de gente travada de p√≥ credo"""	R	RUIM
1989,Fazer 100pts no brasileir√£o https://t.co/6bsxxiBwTg	B	BOM
4132,ARYA CHEGOU MEU DEUS DO C√âU #GameOfThrones	B	BOM
"3958,""3)N√£o queremos vender  ningu√©m agora pode acontecer? Pode, mas temos multas e at√© agora oficial n√£o existe nada, queremos ser campe√µes""""(RA)"""	B	BOM
"1862,""Vou dormir, t√¥ hiper cansada e amanh√£ 4hrs de p√© üò¥ obrigada por mais esse dia, senhor. ‚òù"""	B	BOM
20454,eu vou mata o matheus	R	RUIM
"21253,""acho que o a√ßa√≠ me fez maaaaaaaaaal, t√¥ dod√≥i"""	R	RUIM
22884,Tomar no cu https://t.co/SowAPL1CaQ	R	RUIM
"3654,""ARROMBADO ESSE MINDINHO, FALSO"""	R	RUIM
2223,@_lucaasroberto_ Kkkkkkkkkkkkkkkk concordo	B	BOM
16232,Jorginho N√ÉO @Flamengo @RafaStrauch @orlean #RuedaNoFlamengo #VemRueda https://t.co/sHRk82aVkZ	N	NEUTRO
2536,#JornaldeDomingo | Temer se re√∫ne com Maia e Eun√≠cio para debater reforma da Previd√™ncia @ricardopont @RdGuaibaOficial	R	RUIM
"3253,""Uma hora precisa de mim, a√≠ daqui a pouco n√£o"""	R	RUIM
"18482,""Eu,no momento,sou pura dor e irritabilidade üò≠üò´"""	R	RUIM
2851,@spidrchoi kkkkkkkkkkkkkkkkkkkkkkkkkkkkkkkaaaaa mano namoral chataaaa	R	RUIM
16721,ta **	N	NEUTRO
17797,MENTIRAAAAAAAAAAAA HAHAHAHAHHAHA	R	RUIM
"8751,""firma"	N	NEUTRO
firma	N	NEUTRO
firma	N	NEUTRO
"fogo nos racistas"""	R	RUIM
916,A HOLLAND NA PROPAGANDA SOCORRO	R	RUIM
4913,ekkkkkkkkk muito bom https://t.co/QD4JXCUq9D	N	NEUTRO
4338,Another day 6	B	BOM
3383,socorr os link travou tudo  #GameofThrones	R	RUIM
18479,@aLAURA2015 @carlos01101966 @CharsWings @dilruba_lees @kcef79 @thykenan @LaurenVictorita @DilrubaLees‚Ä¶ https://t.co/TWz14aizXN	N	NEUTRO
11551,Cabo ja? :(	R	RUIM
6739,Esse ator que faz Podrick (n√£o sei o nome nem dos principal imagina dele kkk) daria um perfeito Jean Tannem numa adapta√ß√£o de Locke Lamora	B	BOM
10014,o fato da minha m√£e ser ateia me incomoda tanto	R	RUIM
"14111,""Peguei ran√ßo de uma professora que eu vou ter aula todos os dias."	R	RUIM
"Deus pq"""	R	RUIM
21352,Todos os inconvenientes a nosso favor	B	BOM
9623,A m√£e dos Drag√µes finalmente ganhou alguma nessa temporada. #GoTS7	B	BOM
15598,mas quem √© esse aqui n√£o conhecemos https://t.co/WSVaHVdEc7	R	RUIM
19730,‚ÄúFa√ßam isto em mem√≥ria de mim‚Äù (Lucas 22.19) ‚ú®üíú https://t.co/J2C9n1feqg	B	BOM
2865,Vota a√≠ 22 ou 1 por favooooo https://t.co/CXpzWGDhOh	R	RUIM
21360,Tem uns contatinho que gosta de se amostrar n√© ?? üòπ	R	RUIM
"17582,""essa cidade eh um ovo loko td mundo se conhece, mas ngm tem culpa n√© ent√£o t√° td2"""	R	RUIM
17376,todo o vinho que eu tinha bebido durante os primeiros 40 minutos do ep evaporaram pelo meu suor	R	RUIM
13899,Liso demais esse cara üòÇ	R	RUIM
"22789,""T√° doido viu, que raiva Slc"""	R	RUIM
15601,A raz√£o pela qual c√™ eh minha melhor amiguinha seria pq vc n√£o FALA? https://t.co/CIDLlLnOUa	R	RUIM
21433,@slexiereasons	N	NEUTRO
4496,como √© bom isso acontecer num momento que vc est√° em paz consigo mesmo!	B	BOM
7652,@MilenaGodois esse neg√≥cio dela querer q o jon se ajoelhe ZZzzZ	R	RUIM
21853,üëç üòÇ https://t.co/Q4jFMyzhYd	N	NEUTRO
7642,QUE ICONES DO CARALHO EU AMO AS MULHERES DE GAME OF THRONES DEMAIS AAAAAAAAAAAAAAAAAAH #GameOfThrones	B	BOM
14476,Bor√° fazer listinha	N	NEUTRO
"16376,""You're just everything to me! I'm very proud to be your fan @dinahjane97 Follow me and fulfill my dream, I beg you please.üôèüñ§ x287"""	R	RUIM
5646,√© nesse jeito e aquele mermo.	B	BOM
"9387,""Olha essa cena, Drogon humilha muito #GoTS7 ‚ù§Ô∏è‚ù§Ô∏è‚ù§Ô∏è‚ù§Ô∏è"""	B	BOM
20868,quando o trab ta dando certo e vc caga	R	RUIM
9605,@laramatos_ sdds facetime e eu dormindo do nada	R	RUIM
8570,davos agora virou o que conselheiro amoroso caralho? #GoTS7 https://t.co/yUA3eiVOOD	R	RUIM
"3413,""@1estrelar √© mt ruim, sorry"""	R	RUIM
8170,#CHUPABARAN #fimdepapo	R	RUIM
5073,@DeisySouza0 hahahah ‚ù§	N	NEUTRO
3098,vcs acabaram com a minha vida puta merda https://t.co/eilxjOPnOq	R	RUIM
"584,""Para, n√© #askbelieber https://t.co/SltdLaLLcv"""	N	NEUTRO
"16957,""A @freakazza √© um mulher√£o da porra, voc√™s precisam de ver"""	B	BOM
"9007,""Minha m√£e falando da Dani "	B	BOM
"Toda pequenininha, fofinha e com um vestidinho rodado branco com detalhe preto na ponta"""""""	B	BOM
10424,@Mandah05 Boa noite!	B	BOM
9581,You are basically trying to say you have the exact same voice and recorded the exact same pitches as someone else	R	RUIM
"1683,""2018 eu vou viver com a yasmim , 8maravilha do mundo"""	B	BOM
"6367,""O @Corinthians termina o 1o turno com 20 pts a mais sobre o 1o clube fora da zona de classifica√ß√£o pra Libertadores, √© muita coisa!"""	B	BOM
10221,Sou o mais estilo do litoral	R	RUIM
15562,gente eu tenho uma d√∫vida se todas as tatiana s√£o clone e a charlotte √© uma mini tatiana por que a helena n√£o √© uma charlotte???	B	BOM
14704,@Galego1912  @LatreldoFD @victks @Japones_do_Fd  ser√° ? https://t.co/DTplJfd5au	N	NEUTRO
9747,PQP QUE EPIS√ìDIO DA PORRA	B	BOM
12411,VAI TOMAR NO CU	R	RUIM
10065,CORINTHIANS GRANDE CHATICEE @stesccp üëé https://t.co/T09FonNyox	R	RUIM
"5349,""Eu to triste, mas ao mesmo tempo estou estressada, e ao mesmo tempo com dor de cabe√ßa, mas tamb√©m querendo chorar"""	R	RUIM
21457,@BastardS_oul ainda bem que c√™ tem o guri la	B	BOM
21304,Come√ßa a tocar Once Upon a Dream no final de Mal√©vola j√° da vontade de chorar	R	RUIM
"22916,""meia noite E DOIS! e agora √© oficial...vamos ao 5¬∫ ano da faculdade...ALELUIA IRM√ÉO"	B	BOM
"falta 1 ano pra mim voltar a dan√ßar"""	B	BOM
19986,@babydrover stiles com mais votos sendo que nem apareceu?	R	RUIM
10200,To tremendo d raiva locooo	R	RUIM
15241,@oonlygirl_ nossa mas qhe eu to uma linda eu to ne	B	BOM
7997,eu https://t.co/Two8dznppb	N	NEUTRO
10229,T√¥ t√£o apaixonada pela brusinha q compreiii	B	BOM
"6354,""J√° conheci b√™bado chato, mas oq t√° acontecendo com a minha m√£e?!?!?!?!"	R	RUIM
"@DEUS SALVA ESSA ALMA"""	R	RUIM
13204,@isabellaparras saudsadr de bc eh daqgiu	B	BOM
"12918,""Sigam meu amiguinho, ele √© destruidoor :v @taurinexxx"""	B	BOM
3809,CLIM√ÉO	R	RUIM
1065,@jvmd29 üòî	N	NEUTRO
18839,O √∫ltimo a sair apaga a luz e fecha a porta.. buenas noches	R	RUIM
22490,A√≠ esse filme mt lindo!!	B	BOM
"5873,""""""A gente ama quando aceita o lado ruim do outro. Aceitar as qualidades √© t√£o f√°cil. Na hora de conviver com cada defeito o bicho pega."""	R	RUIM
8459,O mano do nada me da uma puta vontade de lan√ßar uns passinhos do romano	B	BOM
11407,J√Å ACABOU?	R	RUIM
12241,@Pdruu @joaooliiv duplinha de bad √©? what	R	RUIM
19501,Vai!	B	BOM
14521,#RuedaNoFlamengo #VemRueda https://t.co/YpcfpZ7Y6H	N	NEUTRO
21409,Ter√ßa volta √†s aulas n√£o estou preparada psicologicamente	R	RUIM
12104,e meu namorado √© mais lindo ainda	B	BOM
9966,preciso arrumar as coisas que deixei desandar	R	RUIM
"9024,""Te quero na cama, na rua, no carro, na escada"""	B	BOM
"12491,""kkkkkkkkkkkkkkkkkkkkkkkkk esses""""kk"""" s√£o de l√°grimas"""	R	RUIM
15492,desnecess√°rio esse frio	R	RUIM
3840,@camilasontag @brandao_firmo	N	NEUTRO
16766,Indo dormir sabendo que a qualquer momento pode lan√ßar alguma coisa https://t.co/SZrM7GjIft	R	RUIM
16270,Kaic s√≥ faz coisas muito gostosas quando eu n√£o estou l√°	R	RUIM
13776,@Lololampp @ChartLittleMix @chartsccabello Amore onde √© q estamos rebaixando 4h? vcs que est√£o se doendo	R	RUIM
"1575,""10. @ivetesangalo """"C√©u da boca"""" #N√£oErreALetra #ProgramaSilvioSantos"""	R	RUIM
8273,Se a Gabriela n√£o for no rodeio eu n√£o vou ter ningu√©m pra implicar cmg enquanto eu fico com alguem e com isso eu vou me sentir vazia	R	RUIM
20824,@_Juuhrochaa Que foi?	N	NEUTRO
11167,... https://t.co/EGtxr8GyRD	N	NEUTRO
1394,Do fundo do meu cora√ß√£o eu odeio esse menino	R	RUIM
"18006,""@PabloAn9 @FFeniar Que bad do crl par√ßa, sai dessa"""	R	RUIM
21410,Eu e minha especialidade de nunca ser o suficiente pra algu√©m üòè	R	RUIM
1923,que t√©dio	R	RUIM
15761,mc gw mc denny salvando a noite	B	BOM
17338,Tu pega no√ß√£o de ingles e nunca mais consegue ver filme dublado	R	RUIM
"21214,""Tava conversando com Ar Naldo, mano eu amo minha m√£e demais."""	B	BOM
"7782,""Espero que amanh√£ volte o calor, o sol, chega de frio Kkkkkk"""	R	RUIM
20112,Fake news. https://t.co/RmsUIKSGtO	N	NEUTRO
16068,EU NEM CURTIA GOT	N	NEUTRO
23160,Ela odeia minhas mentiras eu finjo acreditar nas dela ela quer fugir de mim eu buscou ref√∫gio dentro dela	R	RUIM
19787,@igoormm kkkkkkkkkkk queria que tivesse acertada na gargonzola dele	R	RUIM
16689,BERREI https://t.co/ihC5flrZK3	N	NEUTRO
22281,O #JornaldeDomingo est√° chegando ao fim. Semana que vem voltamos com mais entrevistas e destaques da reda√ß√£o. Uma √≥tima noite!	B	BOM
10194,Sofro https://t.co/5qpMnuCyNg	N	NEUTRO
"8736,""amanh√£ volta a faculdade e j√° t√¥ com problema, tudo normal"""	R	RUIM
4890,fazendo a geyna ver clipe dx pabllo vittar sim	R	RUIM
5256,DEIXA ACONTECER NA TU RALMENTE	B	BOM
12557,@marinafvieira Kitristi	N	NEUTRO
"17228,""@fridel_ralda @mundodeportivo Ent√£o, e voc√™ est√° preocupado?"""	R	RUIM
"4852,""ata super 10, parab√©ns, muito legal"""	B	BOM
19236,Quando a Dany falou dracarys eu fiquei tipo https://t.co/8LmAgH2HPq	B	BOM
19134,8 canais do YouTube em que todo empreendedor deveria se inscrever j√° https://t.co/fWpPc3UY64  https://t.co/tSmguf6yb1	B	BOM
23151,@elomarton te amo piranha! https://t.co/cDZyoYD5j1	B	BOM
4059,17 p 18 melhor fase	B	BOM
6280,@MilFlows @siegvoer caralho pai	R	RUIM
19120,3x4 https://t.co/KaIB8Yiplm	N	NEUTRO
12966,Curte a√≠ que te falo https://t.co/CS1pMZYfVf	N	NEUTRO
"11340,""To cheirando a cigarro, credo"""	R	RUIM
135,i love jaejin	N	NEUTRO
"11352,""O  MELHOR EPS DE TODA A S√âRIE"""	B	BOM
2835,eu defendo a os gays e a√≠ meus pais e vem j√° falando que eu sou SENHOR ME DE PACI√äNCIA	R	RUIM
20998,Eu paro p pensar em 2014 e eu era m√≥ nen√©m tlg	B	BOM
3390,n√£o sei voc√™s mas eu n√£o me contento em s√≥ cantar as m√∫sicas eu tenho que dan√ßar e inventar uma coreografia	B	BOM
"15942,""You're just everything to me! I'm very proud to be your fan @dinahjane97 Follow me and fulfill my dream, I beg you please.üôèüñ§ x262"""	R	RUIM
"5047,""You're just everything to me! I'm very proud to be your fan @dinahjane97 Follow me and fulfill my dream, I beg you please. x8"""	R	RUIM
10810,saudade de ver flechas atiradas do nada e ser dela e nao o gerard https://t.co/uInCwS4ufl	B	BOM
2621,DA AT√â COISO NO CORA√á√ÉO ‚ù§Ô∏è‚ù§Ô∏è‚ù§Ô∏è‚ù§Ô∏è https://t.co/QC3Ef39JpX	B	BOM
"15444,""Eu to enjoada pra crl mano, q inferno"""	R	RUIM
14739,Cansado de ser enrolado por Deus e o mundo	R	RUIM
19413,se eu soubesse tinha pegado o iphone 5s kkk odeio a frontal do meu celular	R	RUIM
1927,kkkkkkkkkkkkkkkkkkkkkkkkkkkkkkkkkkkkkkkkkkkkkkkkkkkkkkkkkkkkkkkkkkkkkkkkkkkkkkkkkkkkkkkkkkkjkjjkkkkkkkk tem mais √© que se foder mesmo	R	RUIM
1296,oq eu fa√ßo	N	NEUTRO
"4379,""@_anaclaralm @giubst ah sim, claro okaoskdokd"""	B	BOM
7521,ARYA GANHANDO DA BRIENNE EU TO FORA DE MIM CARALHOOOOO #GameOfThrones	B	BOM
"20632,""@clara_116 caguei, contato que essas porras morram tamb√©m, que se foda"""	R	RUIM
2578,ue https://t.co/jpGwwfEfOM	N	NEUTRO
"9882,""Quem cobra vacilo, n√£o pode vacilar ‚öñÔ∏è"""	R	RUIM
"7812,""eu n√£o sou mulher de aturar serm√£o, me encara, se prepara, que eu vou jogar bem na sua cara, eu vou rebolar bem na sua cara"""	R	RUIM
10670,@plzleo Kkkkkkkkkkkk s2	N	NEUTRO
10651,Bronn se voc√™ mata um drag√£o eu te Mato.  #GoTS7 #GameOfThrones	R	RUIM
17793,tenho que vir aqui pra falar minha opini√£o pq no outro site o povo ja ataca	R	RUIM
"23057,""Nesse mesmo dia... H√° dezoito anos.... Eu nascia."""	B	BOM
"19692,""eu quase dormi na cama do vinicius hj, sorte q a leninha me acordo pra ir embora"""	B	BOM
5749,tem coisas que n√£o d√° pra entender	R	RUIM
2141,f√© √© o segredo	N	NEUTRO
11637,MANO DL C√âU	N	NEUTRO
9295,ja vi anda cos playboy ja vi loca cos malandro!	R	RUIM
17847,Eu j√° tive outros √≠dolos mas oq eu sentia por eles nem se compara com oq eu sinto por Bangtan	B	BOM
5629,S√≥ se for agora . https://t.co/MWDSzmW8nK	N	NEUTRO
8697,Mano eu so mt troxa	R	RUIM
3925,Conheci v√°rios boys como esse #Bran! #GamesOfThrones CUZ√ÉO	R	RUIM
9643,Falei que cena linda Daenerys Targaryen com os drag√µes #GoTS7 #GameOfThrones	B	BOM
12866,Olhem s√≥ o que eu comprei hoje üòç https://t.co/4ElcHztr76	B	BOM
23274,a√≠ caralho t√¥ rachando	B	BOM
19759,Que vontade de dormir agarrado	B	BOM
"17462,""Muito estranho n√£o ir pra igreja esse fim de semana parece que falta uma parte de mim,que saudade do pessoal üíîüíîüíî"""	R	RUIM
18954,Sem cutcharra	R	RUIM
7267,Esse lance de ir pra praia com os amigos na virada j√° t√° me animando	B	BOM
"16334,""amanh√£ come√ßa o per√≠odo integral da minha irm√£ na escola, eu to MT feliz!!!!"""	B	BOM
21790,Love me now or never ‚ôí https://t.co/s3CJX07HFn	B	BOM
18165,Eu t√¥ t√£o foda-se com tudo	R	RUIM
4920,Nunca na minha vida um fds come√ßou t√£o bem e acabou t√£o mal	R	RUIM
8174,me identifico bastante com o petyr pois sou littlefinger se √© q me entendes	B	BOM
"6858,""J√° parou pra pensar que geralmente quando uma mulher diz """"n√£o"""", ela realmente quer dizer """"n√£o""""?"""	R	RUIM
"15372,""Sei que vc t√° do meu lado nesse exato momento vendo eu tuitar isso, mas eu tenho q deixar td mundo sabendo q te amo demais socorro"""	B	BOM
6120,dor de cabe√ßa bateu forte.	R	RUIM
12455,Mateus me contando como foi o pedido de namoro pra mina dele. Feliz por ele. Deprimida por mim üòÇ	R	RUIM
11978,#GameOfThrones: The dragons and nuclear weapons nexus https://t.co/j0rdjaSqj2	N	NEUTRO
"4985,""""""They say you killed joffrey"""" """"i wish i had"""" """"Me too"""" #GameOfThrones"""	R	RUIM
13172,Faltou o jaimeeee imagina a rea√ß√£o da cercei se ele tivesse morrido nesse epis√≥dio??!!! https://t.co/95GxDQpPOY	B	BOM
"15111,""Como eu odeio desculpa e mentira, eu realmente n suporto"""	R	RUIM
"14478,""@rafaella_luz vc nem chegou ue, ou ja?"""	R	RUIM
1451,PQ A HBO GO NAO TA FUNCIONANDO?	R	RUIM
16501,melhorar sempre melhorar sempre melhorar sempre melhorar sempre melhorar sempre melhorar sempre melhorar sempre melhorar sempre melhorar sem	B	BOM
509,@lelamoaweb kkkkkkkkkkkkkkkkkkkkkkkkkkkkkkkkkkkkkkkkkkkkkkkkkk	N	NEUTRO
"20122,""As msc do pp da vs, fica na mente ü§¶üèΩ‚Äç‚ôÄÔ∏è"""	B	BOM
"20442,""@BTS_twt T√°, esse foi algu√©m da rap line. Suga? J-Hope? Ah sei l√° üòñ https://t.co/ayM8BdaNsL"""	B	BOM
15612,üòÑ https://t.co/BSsU5RLhDA	N	NEUTRO
3300,@saalmhofer pregui√ßa de comer kjj	R	RUIM
22181,tenho 5 horas p dormir mas n consigo	R	RUIM
11438,nao nao nao nao nao nao nao nao nao	R	RUIM
16243,@raquelsalotte @beatriz_chama De bon√© vermelho pra frente	R	RUIM
5226,Vou trocar de melhor amg üòÇ	R	RUIM
10417,sem contar que √© muito bom üíò https://t.co/uUHF81L1co	B	BOM
"11625,""Eu n√£o aguento mais cair no gemidao,s√≥ eu caio nessa porra"""	R	RUIM
23128,@luisadoamaral nossa eu passo mal de saudade demais do meu homem	R	RUIM
1652,gente esse ep tem muita arya e tem brienne vo morre	B	BOM
9541,QUEIMAAAAAAAAAAAAAAAAAAAA TUDO VIADO!!!!!!	R	RUIM
14374,#RuedaNoFlamengo #VemRueda https://t.co/5lkL84azTp	N	NEUTRO
9772,#corna	R	RUIM
22703,vamos falar sobre assuntos corriqueiros da vida: homem h√©tero	B	BOM
"11587,""As vezes a gente s√≥ precisa de um dog√£o, uma s√©rie e um sexo gostoso."""	B	BOM
4179,Quarta feira 18h j√° estarei aos redores do est√°dio! Esse dia vai ser foda.	B	BOM
9863,Nasci pra ver Dane lokona nos drag√£o	B	BOM
"8671,""De zoom no meu olho e veja q eu cortei os meus c√≠lios de baixo por n√£o sei q caralhos, n√£o fa√ßam isso kro morre https://t.co/ojSpdLHM5e"""	R	RUIM
"10781,""Alooo maae, gostou n√£o gostou vai tomar no cu do msm jeito"""	R	RUIM
"22927,""Mochila arrumada, bolacha, carregador port√°til, cadernos, estojo, crach√°, baquetas e o melhor: pa√ßoca ‚úäÔ∏è"""	B	BOM
11771,@blogdojefferson O √≠ndio cocaleiro sempre foi muito solid√°rio aos parceiros bolivarianos. Devia fechar a matraca antes de falar asneiras.	R	RUIM
8646,agora vai!!! @RabelloRenan https://t.co/PM7IjhllAS	B	BOM
9216,@laris_ops @ervinhadejah kkkkkkkkkkk Maria	N	NEUTRO
11785,@jmartinssa @luscas Kkkkkkkkkkkkkkkkk	N	NEUTRO
9964,@liia_madsen obs:. n dei parabens antes pq eu tava mio ocupada	R	RUIM
12011,@giocondamm √â oq ?	N	NEUTRO
15055,ta na hora de colocar ordem em algumas coisas e vamos come√ßar pelas coisas em casa	B	BOM
1729,N√£o pronto para a segunda https://t.co/EFx25D3y3d	R	RUIM
9376,PUTA QUE ME PRIU	R	RUIM
11187,Chulaaaaa üíÉüèªüíÉüèªüíÉüèªüíÉüèª	R	RUIM
15894,@nathiica Hm curi estou	B	BOM
"6286,""You're just everything to me! I'm very proud to be your fan @dinahjane97 Follow me and fulfill my dream, I beg you please. x50"""	R	RUIM
1616,Coloquei meu v√≠deo game no quarto	B	BOM
"18292,""@dbrmartinez agora ve se entra todo dia e usa."	R	RUIM
"Aproveita pra desabafar hahah"""	B	BOM
"21807,""DE OLHO NO POVO KIBANDO MEU GIF, PELO MENOS AVISA QUE VAI ROUBAR FILHO DA PUTA https://t.co/Ks2pbdk96g"""	R	RUIM
21414,@thetimechanging N√£o tinha ido dormir? üòÇ	R	RUIM
6422,AHAHAHAA DANY WHY	R	RUIM
"1488,""Eu n√£o fa√ßo ideia do que vai acontecer no futuro, mas gostaria que voc√™ estivesse do meu lado üë´"""	R	RUIM
16443,@marifedersoni https://t.co/IYneDwnZy2	N	NEUTRO
11374,GRITANDO! #gots7 #gameofthrones	N	NEUTRO
12693,Depois desse epis√≥dio nem sei o que dizer#GoTS7	R	RUIM
4296,quero a pr√≥xima j√° üç¨üç¨üç¨ https://t.co/zLdI50yAPW	B	BOM
2512,Minha saudade √© nossa transa	R	RUIM
6282,@gisathomazini ai rita lobo &lt	N	NEUTRO
17360,ele √© o amigo mais 11/10 q eu j√° tive	B	BOM
"18245,""engole o choro embora eu n√£o vou, agora v√™ se aprende a dar valor https://t.co/EQ5hzB5wv1"""	R	RUIM
17870,@omelete @trmsu00 olha a√≠ o teu crush	B	BOM
8407,nove horas da noite e eu tava morrendo de sono no bus	R	RUIM
8276,N√£o √©??? https://t.co/nbeyO9N9PZ	N	NEUTRO
20031,Pq ele n√£o me responde af	R	RUIM
9554,Vendo titio av√¥ pra espairecer	B	BOM
"931,""Kkkkkkkkkkk num sei, nunca ouvi kkkkkkkkkkkkk rindo de nervoso https://t.co/a71ckAku8s"""	R	RUIM
8778,N√£o suporto gente homof√≥bica nossa vou socar esse FDP	R	RUIM
19078,chad murray is my world	B	BOM
9161,Deus tira essa pregui√ßa de mim kkkkk preciso voltar pra academia	R	RUIM
3485,M A R K E T I N G https://t.co/K1P7DnfvEA	N	NEUTRO
"17367,""Agora esse cuzao t√° off, s√≥ Deus sabe o quanto sofri pra falar que estou com saudades dele."""	R	RUIM
16847,@ju_vieira15 https://t.co/q4AoZDE9f7	N	NEUTRO
10433,A faculdade vai me matar esse semestre	R	RUIM
"15957,""You're just everything to me! I'm very proud to be your fan @dinahjane97 Follow me and fulfill my dream, I beg you please.üôèüñ§ x263"""	R	RUIM
11970,Cristina yang √© a melhor personagem ‚ù§Ô∏è‚ù§Ô∏è‚ù§Ô∏è‚ù§Ô∏è	B	BOM
8045,#RuedaNoFlamengo https://t.co/s4fdpkO349	N	NEUTRO
1045,vai tomar no cu	R	RUIM
"20154,""me desculpe se outro eu te fiz chorar, √© que √†s vezes eu n√£o sei direito me explicar, v√™ se me entende !"""	R	RUIM
22334,Que Deus esteja comigo pra sempre üôèüèΩ	B	BOM
"13504,""""""Eu vou levar o que √© meu com fogo e sangue."""" - Daenerys Targaryen"	B	BOM
#GameofThrones¬† #GoTS7	N	NEUTRO
"#HBOBR https://t.co/eEnzPfBiGU"""	N	NEUTRO
17488,Mal come√ßou as aulas e j√° tem prova sexta üò¶	R	RUIM
17008,@pgiolli @AlexFdmn @rcrevelone @robervalguaru @CesarTorres2014 @c_wolff @MARKOSBRITO1 @pitelli13 @JenSoares73‚Ä¶ https://t.co/NMhid6af6l	N	NEUTRO
"3347,""Minha rotina est√° corrida demais, nunca esperei tanto pra um domingo"""	R	RUIM
11662,Eu recebendo o sal√°rio deles comeria at√© a grama https://t.co/OgnIqaMOre	B	BOM
"7737,""T√°, meio errado "	R	RUIM
"Acho que a Arya teria que comer mt arroz e feij√£o antes de chegar no n√≠vel da Brienne, mas ok"""	B	BOM
14485,pq as pessoas n√£o aceitam a verdade e s√£o compreensivas????????????	R	RUIM
3085,!!!üíì https://t.co/nG7RSKHMft	N	NEUTRO
"21580,""Odeio vomitar, puta merda"""	R	RUIM
9186,@_bevitorino vdd TEAMO	B	BOM
"8186,""MISSANDEI PISA MAIS NO JON SNOW E NO DAVOS EU IMPLORO "	R	RUIM
"#GoTS7"""	N	NEUTRO
20434,#CamerasEscondidas miseric√≥rdia esse bicho entrando pela janela parece o  capiroto... #Anabelle2 üòÇüòàüëª‚Ä¶ https://t.co/98OIL0lrN7	R	RUIM
15244,Preciso de amizades novas algu√©m p troca um papo sadio? üòèüòã	R	RUIM
"13654,""Allianz Parque x Arena Corinthians: com 25 jogos a menos, Palmeiras j√° tem o dobro de derrotas https://t.co/l0rEaxo60k"""	R	RUIM
4457,@gucoelho0015 Provavelmenteee	R	RUIM
14066,@umacacta as pessoas me impressionam mais a cada dia que se passa	R	RUIM
"12225,""Maluco eu n√£o vou nem dormir depois desse epis√≥dio, cacete que foda foda foda foda"""	B	BOM
"9992,""Obrigado m√£e por voc√™ eu vou at√© o fim, sei que a senhora faria o mesmo  por mim üé∂"""	B	BOM
1517,tava quase dormindo da√≠ meu pai me acorda pra perguntar se tem suco AAA n√£o sabe procurar n√£o meu anjo?¬ø??	R	RUIM
11825,Agr fica postando q a outra pessoa n presta e ilude √© uma cuzisse pq a outra pessoa n tem culpa se vc acha q todo mundo tem q gosta d vc	R	RUIM
4904,kibei da ali que kibou o ian https://t.co/M55fONYQOg	R	RUIM
"14381,""Detesto quando come√ßam a fazer interrogat√≥rio, t√¥ na minha casa ou num tribunal? Detesto muito isso üôÑ"""	R	RUIM
6819,Pq eu n nasci de cabelo liso senhor?????	R	RUIM
2132,uma boa dica √© desativar a notifica√ß√£o do zoom quando vc comprar algo numa loja pra n chegar notifica√ßao do mesmo produto 500 reais + barato	R	RUIM
390,A FELICIDADE DE QUEM GANHOU DUAS LIGAS DO CARTA E FATUROU 2 MIL REAIS	B	BOM
17498,Por√©m tenho pregui√ßa https://t.co/CTjyZtja1i	R	RUIM
9626,Que Deus me aben√ßoe e me de paci√™ncia pra mais dois bimestres tendo mostra cultural em um deles	R	RUIM
"17602,""Quem gosta, gosta! N√©?"""	B	BOM
4693,https://t.co/IoeQjtLluv	N	NEUTRO
10724,Eu amo The Leftovers mas tem alguns eps que porra.....	R	RUIM
1115,Muita gente enchendo o saco e n√£o t√° olhando pro pr√≥prio rabo	R	RUIM
8362,üëã	N	NEUTRO
"3475,""DEUS ME LIVRE DE caras imaturos , AM√âM"""	R	RUIM
20412,Quero v√™ se o t√©cnico novo colocar o MA que muitos rejeitam @ArthurCostaBH !! O que ir√£o dizer? Kkkkkkkk	R	RUIM
22274,Fala alto n√£o t√¥ te ouvindo que hoje a R1 grita e na pista ela voa	B	BOM
5195,Esqueci que hoje √© domingo	R	RUIM
21050,Como a gnt dorme?	R	RUIM
12589,D R A C A R Y S e o #HBOGo nada #GameOfThrones #GOT7	N	NEUTRO
16783,rol√™ de domingo j√° √© doen√ßa	R	RUIM
"14486,""as vezes a gente precisa, parar e raciocinar td oq est√° acontecendo em nossas vidas"""	R	RUIM
"5142,""Chateada, mas sigo firme"""	B	BOM
18435,@GihAmorim_ Gostosaa	B	BOM
10238,Colecionando ressacas sempre	R	RUIM
9421,TO TREMENDO PUTA QUE PARIU #GAMEOFTHRONES	B	BOM
15153,Nossa mano meu sonho de princesa √© ir no japon√™s comer hotroll de br√≥colis com harumaki e depois tomar um a√ßa√≠	B	BOM
6497,Daenerys Targaryen e Jon Targaryen juntos!!  ‚ù§‚ù§‚ù§ #GoTS7 Eu lutarei por voc√™ pelo norte.!!  #GameOfThrones	B	BOM
12822,amanh√£ eu vou matar a saudade do Flaviaaaaao aaaaaaa	B	BOM
"9696,""O Rodrigo, aquele zagueiro med√≠ocre que tomou corre do Ronaldo gordo, empurrou Milton Mendes. Lament√°vel jogadores do Vasco, dando risada."""	R	RUIM
"8098,""E quando eu te vi nem falei nada, mas tamb√©m nem precisava, a pele arrepiou"""	B	BOM
16179,como pode ser t√£o maravilhosa? üíú https://t.co/iT5MPCGzVE	B	BOM
"18075,""Minha irm√£ √© fofa, doce, boazinha, um amor de pessoa. S√≥ tem 2 anos e porra encanta todos."""	B	BOM
15538,@arceonismo Mas se prepara pq eu acho q um drag√£o vai morrer	R	RUIM
6031,Carai justin j√° me basta sofrer por voc√™ n√£o preciso sofrer por seguran√ßa n√£o https://t.co/AxaRuDlpzB	R	RUIM
"8951,""@fuckingSh4rman Por nada,at√© a pr√≥xima"""	R	RUIM
"18001,""Se pedir para mim ficar, eu fico"""	B	BOM
18943,ESTOU TENSA DEMAIS ESSE FILME EH PERTURBADOR DEMAIS	R	RUIM
14665,To sentindo falta da NBA	R	RUIM
22233,@guigobasilio Kskskksjsjshb mto dif√≠cil achar pessoas ador√°veis	B	BOM
"20282,""oi fofa, n√£o sabia q vc precisava de tudo isso pra chamar aten√ß√£o, passar bem bjs"""	R	RUIM
2137,Sem mais... #lutospfc https://t.co/4er1TNZuX0	N	NEUTRO
"6569,""E voc√™ √± √© orgulhosa ne mulher? "	R	RUIM
"#got #gameofthrones"""	N	NEUTRO
7616,Hamburgueria √© muito top n√© mas sabe aqueles lanche bem podre que vende em carrinho na rua com tempero de bact√©ria? Gosto bem mais	R	RUIM
14342,Sou metade asi√°tica e a outra metade tamb√©m https://t.co/KVP1Kc7EM4	R	RUIM
22541,Victor ta vindo trazer chocolate p mim AHHH AMO MEU CUNHADO	B	BOM
5038,https://t.co/Dv84ExZ0rc	N	NEUTRO
8700,Seria o meu sonho de princesa mores https://t.co/1tHBlhiL7I	B	BOM
"3113,""Ent√£o vamo a√≠ abri o cora√ß√£ozinho e a mente de voc√™s, come√ßando a dar chances para as pessoas"""	B	BOM
"8925,""Que s√©rie bem feita n√© meu, olha esse lugar #GoTS7"""	B	BOM
"14131,""Minha m√£e √© um doce de mulher no telefone, a√≠ pessoalmente e mo bruta comigo üò™üòÇ‚ô•Ô∏è"""	R	RUIM
"8799,""You're just everything to me! I'm very proud to be your fan @dinahjane97 Follow me and fulfill my dream, I beg you please. x158"""	R	RUIM
22283,JORGINHO N√ÉO!  #RuedaNoFlamengo #VemRueda https://t.co/0KdROMxkZc	N	NEUTRO
"18510,""Gente.. Sinceramente, ser estranha √© divertido e se vc n√£o √© estranha(o) eu n√£o gosto de vc"""	R	RUIM
22124,eh essa hora q eu vou p youtube fica vendo videos scallison e espera q alguem venha por tras e me de uma paulada	R	RUIM
15488,faltou aquela famosa chance	R	RUIM
8281,@Marianaalarissa https://t.co/uFZ95MQe8a	N	NEUTRO
16170,kkkkkkkkkkkkkkkkkkkkkkk https://t.co/f2r6FIsljZ	N	NEUTRO
20661,@willonnc Voc√™ n√£o precisa de algu√©m pra ficar de boa amigo	R	RUIM
10924,@SalvesErica @bigviciobbb @mais_amor_ka Assistir uma da Ivete hoje e chegou a 13K depois desceu para 8K e subiu fic‚Ä¶ https://t.co/fjAIZW6ShO	R	RUIM
405,Te amar √© me drogar	R	RUIM
23062,GOSTO ASSIM https://t.co/eA1WcXaRgH	B	BOM
15318,Sdds d√° minha nen√™ üôÑ https://t.co/f3XD81LUyW	R	RUIM
7289,Passei o domingo todo ouvindo @anagbls ‚ù§Ô∏è‚ù§Ô∏è	B	BOM
"17018,""ontem entrei no estacionamento e o mano ficou em choque achando que eu ia roubar, √© foda üòû"""	R	RUIM
614,veeeeeeeeeeeeeeeeeeeeeem caaaaaaaaaaaaaaaa aaaaaaaaaaaaaaaaaaaaaaaaaaqui que agora eu vou te mostrar que n√£o √© miragem √© minaj	B	BOM
17943,Eu amo subir tag VIVIAN RUMO TR√äS MILH√ïES	B	BOM
23221,estou indo dormir tarde todos os dias e isso est√° me quebrando l√° no meu trampo! n√£o vejo a hora de tudo estar no lugar j√° üò™	R	RUIM
10779,!!!! https://t.co/8LVStmldKQ	N	NEUTRO
13061,n√£o tem nada de daniela aqui preciso muito	R	RUIM
19622,Segunda vez que o coordenador paroquial chora na frente de todos üòÇüòÇüòÇüòÇüòÇüòÇ neg√≥cio t√° feio pro meu lado!	R	RUIM
"17030,""@laisrhilario troque """"ananias"""" por """"qualquer outro dj da moda de sempre"""""""	R	RUIM
3865,Isso sim √© um pai https://t.co/vCo5fAVsQw	N	NEUTRO
13229,Minha rea√ß√£o üòÇüòÇüòÇ https://t.co/ADtn0SYrKB	N	NEUTRO
11933,globo me perdendo	R	RUIM
15646,@Carvalho_Taci √â mexmoooooo	N	NEUTRO
4062,esse Bran t√° insuport√°vel	R	RUIM
"2347,""Estudo de boa, mas chega quinta feira parece que minha mente j√° est√° no final de semana pqp"""	R	RUIM
1505,O Vamo L√° Porra prevaleceu mais uma vez. Planejamento no Flamengo ainda √© uma marca de fantasia.	R	RUIM
15735,@gabsssh @covinhas_boy Agora que se viu	R	RUIM
"21870,""Eu ouvi tanto sertanejo hoje, algu√©m me breca"""	R	RUIM
11243,amanh√£ o pessoal vai aguentar eu cantar e dan√ßar calypson a aula td	B	BOM
16628,Acabou de perder o caba√ßo e j√° t√° se achando a rainha da foda	R	RUIM
23334,Olhem s√≥ pra eles üéàüíï https://t.co/opMxYuJgJ1	N	NEUTRO
9006,√© na madrugada que a dor √© mais forte do que eu	R	RUIM
2295,To Assistindo 10 coisas que eu odeio em voc√™	R	RUIM
798,Peguei o buqu√™ da minha cunhada üòÇüòÇüòÇ	B	BOM
8758,@khauani_Duarte √© t√£o bonito quando os louco se entende	B	BOM
20663,mds ja vai dar 00h üò≠	B	BOM
"3698,""be humble, bitch. Sit down."""	R	RUIM
3354,raba da camila possuida pelo som de havana passando pela sua tml https://t.co/rU6jO6crBj	B	BOM
"19327,""@limatss @XadrezVerbal 11- exemplo 4 √© outro n√£o debate"	R	RUIM
"imagens ilustram livros, grande merdas, s/ uma analise esta‚Ä¶ https://t.co/9RBLXyDnsS"""	R	RUIM
12765,Orgulho e vaidade	R	RUIM
2612,you better kiss me before our time is run out	B	BOM
1778,KKKKKKKKKKKKKKK chorei https://t.co/QB8ToD8HGN	B	BOM
"23350,""em qualquer relacionamento tem um q gosta/ama mais, mas chegar ao ponto de se humilhar?????? n da p aceitar"""	R	RUIM
1309,acho que as pessoas deveriam s√≥ ter um pouco mais de senso e considera√ß√£o	R	RUIM
18489,EU TO ILUDIDA https://t.co/ESbfgb63ar	R	RUIM
"12928,""Foi meio injusto levar o Drag√£o, n√£o sobrou ngm mds, mas novamente who cares eu quero sangue Lanninster no meu prato agora! #GameOfThrones"""	R	RUIM
"21704,""Fico feliz pela sa√≠da do Z√©, n√£o dava mais, esgotaram as ideias e estava agonizando j√°"""	B	BOM
"8981,""You're just everything to me! I'm very proud to be your fan @dinahjane97 Follow me and fulfill my dream, I beg you please. x162"""	R	RUIM
49,@msccp_ Sabrina sato	N	NEUTRO
11506,To no odio responsa	R	RUIM
"3274,""Eu n√£o sou pessoa de desistir √† primeira tentativa, pois acredito que as maiores b√™n√ß√£os est√£o guardadas para quem se esfor√ßa em lutar."""	B	BOM
10705,QUERO THE DEFENDERS LOGOOOOOOOO	R	RUIM
"5340,""tenho que parar de comer, t√¥ muito gordaaaaa"""	R	RUIM
"18750,""passei o fds inteiro com a duda, melhor coisa do mundo"""	B	BOM
23247,Tenho que dar um tempo pra caxola	B	BOM
"3053,""Sorteio no ar galeris &gt"	B	BOM
"1 caneca CSGO da Valve + 1 pistola Air Soft SRC SR-92 A1 Full Meta‚Ä¶ https://t.co/LpJQPeaCSe"""	N	NEUTRO
22811,@sdualc_ estou tentando fazer o mesmo com certos atl√©tico	B	BOM
"6758,""You're just everything to me! I'm very proud to be your fan @dinahjane97 Follow me and fulfill my dream, I beg you please. x67"""	R	RUIM
"90,""vou deixarr, o meu anel de prata voc√™ voltar"""	B	BOM
"3089,""Mais um para a minha lista """"QUEROOOOO"""" https://t.co/wzYQSws32u"""	B	BOM
"20456,""vc pisca e tem mais 10 exercicios de bio, caramba sueli"""	R	RUIM
2702,Come√ßooooooou \o/ #GOTS07E04	B	BOM
"3471,""@jo_venture Kkkkkkkk q jeito, nunca fui"""	R	RUIM
"22936,""Aaaaaaa 3 meses, como essa garota me faz feliz aiai"""	B	BOM
412,Aquela depress√£o de domingo √† noite por saber que amanh√£ j√° √© segunda-feira	R	RUIM
"23096,""@_SEPAnthony @isaagasparini Se zikar, eu mato um"""	R	RUIM
12158,a gente distingue amigos quando nas f√©rias a pessoa te chama pra conversar e quando n√£o chama.	R	RUIM
22457,ESSA MULHER √â MUITO LINDAAA https://t.co/aNgVEt5ZMC	B	BOM
2812,at√© o fim da minha vida n√©	R	RUIM
"13135,""To mundo tem uma pessoa, aquela pessoa, que faz esquecer todas as outras"""	B	BOM
"7601,""Mas deixe os nossos sentimentos se entregar nesse momento, antes de dizer adeus..."""	R	RUIM
17431,pessoas q eu nem imaginava na igreja e olha s√≥ ‚ù§Ô∏è	R	RUIM
22415,Cuma. https://t.co/TdecSSS7Qv	N	NEUTRO
23083,Terminei a reda√ß√£o da Fl√°via...	B	BOM
20098,@ViCosta09 faz	N	NEUTRO
11634,ACABOU???	R	RUIM
2371,Melhor sensa√ß√£o √© chegar em casa e ser recebida por um dog pulando em cima de vc	B	BOM
823,MENINA NO REQUEBRA COM A M√ÉO PEGA NA CABE√áA https://t.co/h1UMo7tC8f	B	BOM
6099,gore gore gore gore	B	BOM
14698,Queria viver sem √≥culossssss	R	RUIM
"10655,""@swinchextr, pra sua felicidade. https://t.co/Gsm5seV5UX"""	B	BOM
2770,Queria ter algu√©m pra secar meu cabelo tds os dias	R	RUIM
"20951,""ahhhhhh a vagabunda morreeuuu, to ate mais aliviada!!!!"""	B	BOM
"19631,""que tiro na minha alma, mds"""	R	RUIM
20918,Finalmente!	B	BOM
17303,Drogon nem tava correndo risco de vida ainda e eu j√° tava querendo vingan√ßa s√≥ pela possibilidade de algu√©m tentar matar ele. #GOTS7	R	RUIM
"5531,""Essa coisa de """"venerar"""" um """"her√≥i"""" me preocupa pq pode indicar o n√≠vel de car√™ncia do povo.E na verdade estamos fragilizados mesmo."""	R	RUIM
16215,Preciso dormi muito muito muito muito muito muito	R	RUIM
"2637,""Eu queria muito entender a problematiza√ß√£o do nome """"Anast√°cia"""" https://t.co/JHaxB4DSSQ"""	R	RUIM
10360,OLHA O SPOILER FILH DA PUTA	R	RUIM
6484,@JoaoCarIos os dois HUAUHSHAHS	N	NEUTRO
14979,Aiiiiiiiiii aiiiii viu	R	RUIM
"9951,""@Reeiks Um pedido mais do que justo, merecemos isso haha"""	B	BOM
11270,Prexiso me preparar psicologicamente pra amanh√£	R	RUIM
5114,Baseado nosso de cada dia	R	RUIM
"22629,""eu s√≥ sei que eu t√¥ muito ferrada, seloco"""	R	RUIM
21086,Que mensagem maravilhosaaaaaa	B	BOM
13349,mo frio gostoso deuss	B	BOM
"13091,""todo natal na familia bassan tem um bebe novo, e agora a geovanna solta essas, eu s√≥ quero soltar fogos"""	B	BOM
5388,Amanh√£ come√ßa td de novo afs acorda cedoüò¢	R	RUIM
"12306,""E v√™, que sem o outro a vida √© t√£o sem gra√ßa üôÑüíú https://t.co/UB4LXHpy2x"""	R	RUIM
9582,SOCORROOOOOOOOOOOOPOOOOOO #GameOfThrones	R	RUIM
9676,Estou no trem nesse momento e tem um menino com o agasalho do BTS HSHSJSHSJEHEUUSHEKSHD BERRO	R	RUIM
2790,Eu j√° vi mas eu vou ver de novo pq GoT √© algo q nunca vou cansar de ver	B	BOM
"14914,""Vou seguir td oq as meninas me falaram, quem sabe assim"""	B	BOM
19002,to na TPM brava qualquer coisinha eu to chorando	R	RUIM
"16678,""@larivlopes Ainda tbm! Hahahah e to com raiva q o ep acaba do nadaaa, na tava preparado pra isso hahaha"""	B	BOM
15969,s√≥ de pensar q manh√£ tem aula j√° quero me jogar de um pr√©dio	R	RUIM
6983,Que dorzinhaaaa	R	RUIM
5648,pelo menos ficou liso pra mandar nude	B	BOM
21571,Meu ukulele t√° super desafinado e eu n tenho mais como afinar pq meu cel foi assaltado e esse q eu to n tem espa√ßo p baixar o app AFINADOR	R	RUIM
16954,Que horas o Bran pretende falar das coisas que ele descobriu? https://t.co/WArRCbihM7	R	RUIM
16794,https://t.co/SdkT0cOtsB	N	NEUTRO
"15755,""You're just everything to me! I'm very proud to be your fan @dinahjane97 Follow me and fulfill my dream, I beg you please.üôèüñ§ x253"""	R	RUIM
3149,üö®üî• https://t.co/OpTws5Ak2o	N	NEUTRO
6926,s√≥ quero Baile do Poderoso	R	RUIM
9722,cansada de sofre por tw ao mesmo tempo q tw me salvo me desgra√ßo a cabe√ßa	B	BOM
10352,Pela primeira vez eu assisti Lord Of The Rings kkkkkjjj	B	BOM
13422,Como o comunismo deu errado se de fato ele nunca foi atingido?	R	RUIM
"14530,""@arielpalacios grande obra, grande orquestra.... e ele √© t√£o novinho....."""	B	BOM
11117,@feelsherlock KESJFHGFJ n√≥s mesmas bjs	R	RUIM
"4630,""Gustavo acabou de ir embora,e eu j√° estou com saudades üò¢"""	B	BOM
11979,Boa noite mundo	B	BOM
"12804,""acabei queimada gente, socorro #GameOfThrones"""	R	RUIM
23014,se conselho fosse bom nao te dava	R	RUIM
"23122,""Vi a Mari, a barriguinha delaaaaaüòç"""	B	BOM
"2597,""finalmente cheguei, depois de desmaiar na rua e ficar q nem um zumbi‚úåüèΩ"""	B	BOM
22531,Calma. √â aos poucos que a vida vai dando certo.	B	BOM
"17341,""eu fico possessa com uns """"apelidos"""" que eu tenho que ler, vai se foder"""	R	RUIM
15692,A tv tem at√© android	N	NEUTRO
8100,Pior coisa √© ficar o dia inteiro sem falar com quem a gente gosta	R	RUIM
17231,Eita gente que gosta de for√ßar uma barra	R	RUIM
11375,ta foda ein ... Zz	R	RUIM
2666,Hoje o frio est√° üîùzera! üòä	R	RUIM
"3736,""Will fica toda hora falando p mim """"para m√¥ooo"""" KKKKKKKK essa crian√ßa √© dms aaaaa como eu amo"""	B	BOM
"12544,""Nossa, GOT deve ter sido incr√≠vel "	B	BOM
"Minha tl inteira t√° gritando"""	B	BOM
8256,Um mito da vida kkkkkkkkkkkkkkkkkkkkkkkkkkkkkkkkkkkkkkkkkkkkkkkkkkkkkkkkkkkkkkkkkkkkkkkkkkkk https://t.co/NvPDX6QZkP	B	BOM
5011,vcs cantando NANANA da abertura de GOT e eu s√≥ consigo pensar OH NANANA OH NANANA a maioria das amigas da minha ex mina t√£o querendo DA	B	BOM
21998,@mundodeandy https://t.co/Xxmvdb2b5V	N	NEUTRO
"20913,""emanuel √© chato demais, n√£o tenho paci√™ncia"""	R	RUIM
13351,@ianydofigo mim de papai	B	BOM
200,harry https://t.co/84LixStJzR	N	NEUTRO
23354,duas das minhas fotos favoritas do projeto embrace your beauty ‚ô•Ô∏è https://t.co/YV08c5ecPg	B	BOM
"18093,""Acabou o @showdavida, acabou o domingo üòî"""	R	RUIM
6429,Crossfit de boxxxta! S√≥ meu pesco√ßo que engrossa? #bolsonaro ü§£ü§£ü§£ https://t.co/JG6gqeLCJo	R	RUIM
10584,aaaaaa pelo q eu vi minhas fotos t√£o maravilhosas eu j√° quero fazer outro ensaio	B	BOM
19059,Nem dinheiro nem prazeres v√£o trazer o que voc√™ t√° procurando	R	RUIM
20679,@AgathaKuno t√¥ bem triste aqui	R	RUIM
379,https://t.co/1a2ToD75I8	N	NEUTRO
19320,@raphaelafurtado Biscoito	N	NEUTRO
19211,Eu vou parar sem mdd	R	RUIM
"13049,""o jaime achando mesmo que ia conseguir matar a daenerys t√£o facilmente, eu tava s√≥ o tyrion"""	R	RUIM
"22807,""N√£o vejo a hora de chegar s√°bado, sem maldade"""	B	BOM
666,Rog√©rio Ceni no Flamengo a/d/d	R	RUIM
"7390,""You're just everything to me! I'm very proud to be your fan @dinahjane97 Follow me and fulfill my dream, I beg you please. x94"""	R	RUIM
1465,Por isso voc√™ √© esse serzinho de luz maravilhoso https://t.co/XxBKTIedfU	B	BOM
18514,S√≥ quero sabe como vou acorda cedo amanh√£	R	RUIM
"12006,""A pessoa n tem culpa de NAO gostar de voc√™, aceita e segue a vida, v√° procurar alguem q goste üå∑üå∑üå∑üå∑"""	R	RUIM
5189,3 Starks juntos j√° pode pedir m√∫sica no Fant√°stico #GoTS7	B	BOM
8413,Brizadeiro? Jkkkkkkkk https://t.co/cQbtIZiMaQ	B	BOM
6086,@erick_nicoletti q decep√ß√£o	R	RUIM
1351,Voc√™s exageram demais gente	R	RUIM
2796,Domingo a noite e eu ouvindo funk	R	RUIM
16930,@pavlistarvm Eu n√£o cheguei nessa parte ainda	R	RUIM
15805,Vai toma nu cu	R	RUIM
12055,as vezes o melhor a se fazer eh trocar ideia com a parede	R	RUIM
"212,""@talissaqueirz SAD\G.ADSGDGSAKGDSAKGDKSGKDSGSADKGDSK "	N	NEUTRO
ESSE GOL BATEU NA TRAVEKKKKKKKKKKKKKKKKKKKKK	R	RUIM
ASFAS	N	NEUTRO
FKASFAS	N	NEUTRO
FKASAS	N	NEUTRO
FK	N	NEUTRO
"TALIZA EU TO MAL"""	R	RUIM
7393,@radiocomando811 Am√©m amigo! Que Deus lhe d√™ uma noite tranquila! üôèüèª‚ù§Ô∏è	B	BOM
"10916,""Se fosse EU com toda CERTEZA do mundo eu guardaria o celular, seguraria na m√£o dele, vendo ele cantando pra mim olhando nos meus olhos üòç"""	B	BOM
21317,@millyza1 mata eu....	R	RUIM
17550,tadinho do gui nem dei aten√ß√£o direito pra ele esses dias	R	RUIM
15423,O meu Deus √© o Deus do imposs√≠vel üôèüèºüòîüòç	N	NEUTRO
18686,Quem mais t√° na campanha pela morte do Mindinho epis√≥dio que vem? #GameOfThrones #GOT7 #DominGOT	R	RUIM
"9066,""@SrtaXiss essa n√£o me engana vai assistir fut na casa do namorado e fala """"amor pega minha cerveja e vai la conversa‚Ä¶ https://t.co/J3KNOt3ih4"""	R	RUIM
"21111,""Amo essa m√∫sica """" nessas horas """""""	B	BOM
22044,https://t.co/VNLf0Vv9mL	N	NEUTRO
"17285,""Aquieta minha alma, faz meu cora√ß√£o ouvir Tua voz üòç‚ú®‚òùüèº"""	B	BOM
5673,What the fuck its 2017 and im still emo and its getting worse help	R	RUIM
960,ELAAAA DISSE ADEEEEEEUS QUE NOITE DODGERS QUE NOITE	B	BOM
"18375,""E mesmo longe eu n√£o deixei de te amar,"""	B	BOM
"6748,""termino esse dia tristinha da vida, x√¥ bad pfvr"""	R	RUIM
10776,olha esse bicho que coisa LINDA	B	BOM
5617,- Ningu√©m quer saber n√£o kkkkk https://t.co/qp83TxZVyE	R	RUIM
4749,A√≠ q dor no est√¥mago do caraaaaalho	R	RUIM
"15717,""@umacacta eu escutava muitoooo coisinhas do tipo """"daqui a pouco t√° com 20 piercings"""" """"seu cabelo t√° caindo"""" bl√° bl√°‚Ä¶ https://t.co/OEK4NnxeeU"""	R	RUIM
6473,espero que o Lucas Lucco leia isso	R	RUIM
13623,mas eu sei q no final vou ir acabando dormir umas 2h e acordar morrendo	R	RUIM
22762,ainda n√£o acredito que fiz isso mas segue	R	RUIM
"4043,""@anabeatrizie @_geovanabiajo Nem eu, pior de todos"""	R	RUIM
7441,@checkmatth Pelo menos eu n√£o engordo	R	RUIM
16393,amo ajudar meu amigos	B	BOM
18893,@dinahjane97 QUEEN	N	NEUTRO
"7627,""mano, √© serio, eu to muito triste, to achando q veio errado"""	R	RUIM
12230,@byjeliebers  te amo	B	BOM
"524,""Vc viu @DaniloGentili, o @murilocouto vestido de mulher no #ProgramaSilvioSantos. HAHAHAHAHA üòÇüëèüëç @PgmSilvioSantos. https://t.co/KHMSdYYeU5"""	N	NEUTRO
11537,Eu vou ter que ver esse epis√≥dio de novo qq foi issoo	B	BOM
12183,Olha nossa cara de gordo üòÇüòÇüòÇ @FlowerIsaah @_TheAnderson_ https://t.co/0QTQA8xpLi	R	RUIM
20800,queria deixar registrado aqui essa imagem minha com esse √≥culos HAUAHAUAHAU https://t.co/tMSjn9zVpn	B	BOM
74,@guidilol Olha o v√≠deo q eu compartilhei no FB kkkkkkkkkkkkkkkkkk o gol	B	BOM
21358,ainda bem que eu tenho a Areta p me deixar preocupadissima	R	RUIM
"6877,""You're just everything to me! I'm very proud to be your fan @dinahjane97 Follow me and fulfill my dream, I beg you please. x74"""	R	RUIM
"1649,""e ainda com as escala√ß√µes erradas n√© como o vaz eo matheus s√°vio na libertadores e muralha, tirando isso vc fez um bom trabalho no @Flamengo"""	R	RUIM
"1400,""Ah! Como eu queria que o @SaoPauloFC estivesse com os """"problemas"""" do Flamengo..."""	R	RUIM
"1662,""Meu pug esta mancando, mas qdo vamos mexer, ele nem resmunga. Talvez esteja fingindo pq ficou de castigo"""	R	RUIM
"11212,""Coisas que n√£o se podem ver, estranho"	R	RUIM
"Tipo gente de pele clara se chamando de nigga..."""	R	RUIM
7743,Acordei toda torta	R	RUIM
6711,sobre o lust for life: ta ok	R	RUIM
"9474,""@bruu_cb Me chama no wpp meu amor, t√¥ c sdd ‚ù§Ô∏è"""	R	RUIM
4594,@marcelo__prado Eu estou amando. N√£o consigo parar...	B	BOM
"5104,""Eu amo cartas, de verdade"""	B	BOM
8301,AS moedas digitais (Criptomoedas) sempre em alta... venha ganhar voc√™ tamb√©m: https://t.co/PKXBJaTRfp	N	NEUTRO
11586,mano.... @bruvanhoof https://t.co/DLvWlz3JkA	N	NEUTRO
"3229,""@sweetaleluia oi amore, sua dm t√° fechada, ent√£o tem como me chamar?"""	R	RUIM
8741,Lulu agora s√≥ na pipoquinha üòçüíöüê∑üèÜ https://t.co/mFf2eyyhHe	B	BOM
21554,Lugar mais lindo n√£o h√°!  ‚ù§‚öΩÔ∏è https://t.co/zhylyudpPV	B	BOM
21326,Uma boa noite üò¥	B	BOM
"6706,""@lucasgremiofbpa @shadym_m @aleezinhosccp @LucasFa34714633 @chicogarciaa Gremio n√£o vai ganha nada, Novo Hamburgo bateu em voc√™s"""	R	RUIM
"8648,""Mais baixa: 0 "	R	RUIM
"Mais alta: 10 https://t.co/4cVAuRadnf"""	B	BOM
9712,eu t√¥ √© rindo	B	BOM
"2924,""N√£o posso julgar pq j√° fiz isso, mas sou muito iluminada por ter deixado essa parte minha de lado e dar oportunidade as pessoas"""	B	BOM
21141,@Mumuzaao te dou check so nas ideia nem preciso usa da for√ßa	B	BOM
"15287,""como eu sou bonita braseeeel, af"""	B	BOM
20864,!! https://t.co/ScpMLAvkup	N	NEUTRO
"794,""Sempre contando as notas"	B	BOM
Nunca me contento com pouco	R	RUIM
A mochila lotada de droga	R	RUIM
E a boca cheia de ouro	B	BOM
"PESADA √â POUCO"""	B	BOM
12402,S√£o por epis√≥dios assim que eu sou f√£ dessa s√©rie #GOTS7	B	BOM
"10577,""Christian fala """"vou te fazer uma surpresa essa semana"""" a√≠ eu disse que tudo bem"""	B	BOM
14513,As quartas e quintas tbm....	N	NEUTRO
606,I love u more my babe ‚ù§ https://t.co/5S6UPmjhE4	B	BOM
15299,O povo causa com a Laurene kkkkkkkkkkkk n√£o aguento https://t.co/GHq2wubn93	R	RUIM
19356,Ouvir m√∫sica cl√°ssica da tanta paz	B	BOM
19580,OLOCO kkkkk https://t.co/aU2NwsOzVu	N	NEUTRO
12889,Pra que esse frio üòñ	R	RUIM
10872,Matheus e Godoy e 2 fracos pra beber kkkk rachei demais ontem	R	RUIM
"16292,""Af, s√≥ de lembrar da escola amanh√£, j√° me d√° n√°usea"""	R	RUIM
21877,T√° doendo sim üíî	R	RUIM
3902,Final de semana pancada. Eu quero √© mais!	B	BOM
17144,t√¥ precisando de voc√™ aquii sinto sua falta a todo instante	R	RUIM
15561,@CarraroGui Bonde do tey tey	N	NEUTRO
12061,Uma pessoa em formato de amor	B	BOM
4211,Preciso falar sobre Isabella! Gente que menina maravilhosa!	B	BOM
17126,carente de roupa e t√™nis	R	RUIM
20374,JORGINHO N√ÉO!  #RuedaNoFlamengo #VemRueda https://t.co/QCNUuR59Sf	N	NEUTRO
7314,Melhor voz	B	BOM
22615,@ElJuanpaZurita ta no rio. Esse menino TIENES que vim pra SAO PAULO ver o f√£s. GRACIAS JUANPA	B	BOM
10654,KKKKKKKKKKKKKKKKKKKKKKKKKKKKKKKKKKK https://t.co/CZDSwfFVnW	N	NEUTRO
5165,@laamiranda_ @frasesdebebada Kkkkk ops	R	RUIM
4276,@gabr1alves Se come pra porra em viado	R	RUIM
18503,Midori sz https://t.co/hdjhNaoe72	N	NEUTRO
"10704,""Acabou c ex√©rcito "	R	RUIM
"#got #gameofthrones"""	N	NEUTRO
"22284,""ganhando dinheiro o que eu sempre quis"	B	BOM
meu bolso um zool√≥gico	R	RUIM
onde ja fui macaco, marcado	R	RUIM
"hoje sou dono, √© logico"""	B	BOM
21597,oi oi oi	N	NEUTRO
1041,Eu pra Gabrielli hoje https://t.co/J4oXyJJcaW	N	NEUTRO
7940,N√£o acredito que JonNerys vai rolar mesmo	R	RUIM
17122,Vou fugueta fugueta fugueta	R	RUIM
19138,Sono j√° chegou em mim	R	RUIM
12537,@_lukowski Acho que n√£o rsrs	R	RUIM
13361,EU JURO POR DEUS QUE NUNCA PASSEI TANTO NERVOSO ASSISTINDO ALGO COMO ESSE EP DE #GAMEOFTHRONES EU TO LITERALMENTE FEBRIL DEPOIS DISSO	R	RUIM
6910,Obrigada george rr martin por criar jon snow	B	BOM
20453,GOT sempre se superando	B	BOM
20874,Dia 18 quero logo	B	BOM
3513,EU AMO A KYLIE JENNER AAAAAAAAAAAAA #LifeofKylie	N	NEUTRO
6312,√â AGORA!	B	BOM
"20924,""@AffTaeees N√£o marque eles mais. √â dif√≠cil eu sei."	B	BOM
Eles s√≥ deixam vis√≠vel a marca do sofrimento e da dor.	R	RUIM
"Sei que tudo ficar√° bem ‚ù§Ô∏è"""	B	BOM
4857,Meus amigos s√£o fodas amo p caralho	B	BOM
340,#IveteAvontade Deus me ajuda	B	BOM
6515,#PanicoNaBand	N	NEUTRO
"2764,""PQ N√ÉO QUIS, eu ein"""	R	RUIM
"9823,""""""Obrigada pelo fim de semana  Gata"""" üòç‚ù§Ô∏è"""	B	BOM
15527,@alessamedina_ @flaviagasi Eu acho que foi o Bronn	N	NEUTRO
461,https://t.co/aWWdPbxlsj	N	NEUTRO
22823,day 3	N	NEUTRO
15656,Amarula √© simplesmente a melhor bebida do mundo	B	BOM
5671,@_Twittei_ Que moral ein	B	BOM
